Transaction_ID,Date,City,Region,Product,Quantity,Unit_Price,Discount_Percent,Gross_Sales,Discount_Amount,Revenue,Cost,Profit,Sales_Channel,Customer_Type,Month,Month_Number,Quarter,Year,Profit_Margin_Percent,Unnamed: 20,Gross_Sale,DIS_Amount
KSA00001,2026-06-05,Hubballi,North Karnataka,Printer,16,7350,0,117600,0.0,117600.0,76042.14,41557.86,Distributor,Medium Business,June,6,Q2,2026,35.34,,117600,0.0
KSA00002,2025-10-08,Kolar,South Karnataka,Desktop PC,17,50453,5,857701,42885.05,814815.95,688239.14,126576.81,Retail Store,Enterprise,October,10,Q4,2025,15.53,,857701,367825502.7005
KSA00003,2025-05-22,Kodagu,Malnad Karnataka,Smartphone,4,42769,15,171076,25661.4,145414.6,98114.01,47300.59,Corporate,Enterprise,May,5,Q2,2025,32.53,,171076,43900496.664
KSA00004,2025-12-03,Mangaluru,Coastal Karnataka,Smartphone,20,24571,10,491420,49142.0,442278.0,276992.93,165285.07,Retail Store,Enterprise,December,12,Q4,2025,37.37,,491420,241493616.4
KSA00005,2025-06-22,Chitradurga,Central Karnataka,Headphones,3,5533,5,16599,829.95,15769.05,11547.93,4221.12,Distributor,Medium Business,June,6,Q2,2025,26.77,,16599,137763.4005
KSA00006,2025-01-18,Dharwad,North Karnataka,Laptop,20,72317,15,1446340,216951.0,1229389.0,814683.89,414705.11,Retail Store,Medium Business,January,1,Q1,2025,33.73,,1446340,3137849093.4
KSA00007,2025-05-12,Kalaburagi,Kalyana Karnataka,Camera,16,82738,5,1323808,66190.4,1257617.6,942854.45,314763.15,Corporate,Small Business,May,5,Q2,2025,25.03,,1323808,876233810.432
KSA00008,2025-06-26,Vijayapura,North Karnataka,Smartwatch,8,8682,10,69456,6945.6,62510.4,39780.17,22730.23,Retail Store,Enterprise,June,6,Q2,2025,36.36,,69456,4824135.936
KSA00009,2025-03-18,Mysuru,South Karnataka,Desktop PC,11,42424,20,466664,93332.8,373331.2,237107.45,136223.75,Online,Individual,March,3,Q1,2025,36.49,,466664,435550577.792
KSA00010,2026-03-23,Chitradurga,Central Karnataka,Headphones,10,4568,20,45680,9136.0,36544.0,27389.49,9154.51,Online,Medium Business,March,3,Q1,2026,25.05,,45680,4173324.8
KSA00011,2025-05-03,Davangere,Central Karnataka,Printer,20,17526,0,350520,0.0,350520.0,256583.73,93936.27,Corporate,Small Business,May,5,Q2,2025,26.8,,350520,0.0
KSA00012,2026-05-01,Hassan,South Karnataka,Smartphone,13,20022,10,260286,26028.6,234257.4,143825.43,90431.97,Retail Store,Enterprise,May,5,Q2,2026,38.6,,260286,67748801.796
KSA00013,2025-05-19,Tumakuru,South Karnataka,Tablet,13,34445,0,447785,0.0,447785.0,309913.53,137871.47,Retail Store,Small Business,May,5,Q2,2025,30.79,,447785,0.0
KSA00014,2025-02-27,Bengaluru,South Karnataka,Headphones,3,2413,10,7239,723.9,6515.1,3962.29,2552.81,Distributor,Medium Business,February,2,Q1,2025,39.18,,7239,52403.121
KSA00015,2025-03-19,Mysuru,South Karnataka,Printer,2,7148,15,14296,2144.4,12151.6,7561.35,4590.25,Retail Store,Medium Business,March,3,Q1,2025,37.77,,14296,306563.424
KSA00016,2026-04-24,Mangaluru,Coastal Karnataka,Laptop,3,58527,20,175581,35116.2,140464.8,87572.19,52892.61,Online,Individual,April,4,Q2,2026,37.66,,175581,61657375.122
KSA00017,2025-03-16,Hubballi,North Karnataka,Smartwatch,19,7594,10,144286,14428.6,129857.4,94041.97,35815.43,Online,Small Business,March,3,Q1,2025,27.58,,144286,20818449.796
KSA00018,2025-07-14,Kolar,South Karnataka,Monitor,12,15757,5,189084,9454.2,179629.8,134323.97,45305.83,Corporate,Small Business,July,7,Q3,2025,25.22,,189084,17876379.528
KSA00019,2025-03-29,Kodagu,Malnad Karnataka,Smartphone,18,24993,20,449874,89974.8,359899.2,305295.06,54604.14,Retail Store,Enterprise,March,3,Q1,2025,15.17,,449874,404773231.752
KSA00020,2025-07-02,Kodagu,Malnad Karnataka,Printer,11,13077,10,143847,14384.7,129462.3,85238.54,44223.76,Retail Store,Small Business,July,7,Q3,2025,34.16,,143847,20691959.409
KSA00021,2025-04-24,Hubballi,North Karnataka,Laptop,4,74137,0,296548,0.0,296548.0,212216.27,84331.73,Retail Store,Enterprise,April,4,Q2,2025,28.44,,296548,0.0
KSA00022,2025-05-12,Kalaburagi,Kalyana Karnataka,Camera,5,47365,5,236825,11841.25,224983.75,160371.71,64612.04,Retail Store,Small Business,May,5,Q2,2025,28.72,,236825,28043040.3125
KSA00023,2026-02-20,Kodagu,Malnad Karnataka,Headphones,20,5215,10,104300,10430.0,93870.0,58885.61,34984.39,Retail Store,Enterprise,February,2,Q1,2026,37.27,,104300,10878490.0
KSA00024,2025-11-01,Chitradurga,Central Karnataka,Smartphone,9,22737,10,204633,20463.3,184169.7,120280.3,63889.4,Retail Store,Medium Business,November,11,Q4,2025,34.69,,204633,41874664.689
KSA00025,2025-06-15,Bengaluru,South Karnataka,Printer,9,10429,10,93861,9386.1,84474.9,58895.51,25579.39,Distributor,Small Business,June,6,Q2,2025,30.28,,93861,8809887.321
KSA00026,2025-03-29,Mysuru,South Karnataka,Smartwatch,1,4119,5,4119,205.95,3913.05,2420.97,1492.08,Corporate,Individual,March,3,Q1,2025,38.13,,4119,8483.0805
KSA00027,2025-02-09,Dharwad,North Karnataka,Camera,20,47660,5,953200,47660.0,905540.0,667336.35,238203.65,Retail Store,Individual,February,2,Q1,2025,26.31,,953200,454295120.0
KSA00028,2025-05-26,Ballari,Kalyana Karnataka,Printer,9,15104,15,135936,20390.4,115545.6,74601.51,40944.09,Online,Individual,May,5,Q2,2025,35.44,,135936,27717894.144
KSA00029,2026-06-07,Kalaburagi,Kalyana Karnataka,Laptop,6,69209,15,415254,62288.1,352965.9,237751.69,115214.21,Retail Store,Enterprise,June,6,Q2,2026,32.64,,415254,258653826.774
KSA00030,2025-12-24,Ballari,Kalyana Karnataka,Desktop PC,17,56808,5,965736,48286.8,917449.2,739275.51,178173.69,Retail Store,Medium Business,December,12,Q4,2025,19.42,,965736,466323010.848
KSA00031,2026-04-02,Bengaluru,South Karnataka,Laptop,15,70810,20,1062150,212430.0,849720.0,655266.73,194453.27,Retail Store,Small Business,April,4,Q2,2026,22.88,,1062150,2256325245.0
KSA00032,2025-06-17,Kodagu,Malnad Karnataka,Camera,8,79616,5,636928,31846.4,605081.6,512756.07,92325.53,Online,Individual,June,6,Q2,2025,15.26,,636928,202838638.592
KSA00033,2025-02-04,Bidar,Kalyana Karnataka,Smartphone,16,27235,0,435760,0.0,435760.0,273592.6,162167.4,Online,Medium Business,February,2,Q1,2025,37.21,,435760,0.0
KSA00034,2025-03-06,Hassan,South Karnataka,Printer,14,8347,15,116858,17528.7,99329.3,75918.25,23411.05,Retail Store,Enterprise,March,3,Q1,2025,23.57,,116858,20483688.246
KSA00035,2025-11-28,Bidar,Kalyana Karnataka,Headphones,18,3260,10,58680,5868.0,52812.0,43046.98,9765.02,Retail Store,Enterprise,November,11,Q4,2025,18.49,,58680,3443342.4
KSA00036,2026-02-16,Bengaluru,South Karnataka,Smartphone,2,29587,10,59174,5917.4,53256.6,37447.92,15808.68,Distributor,Small Business,February,2,Q1,2026,29.68,,59174,3501562.276
KSA00037,2026-05-23,Kalaburagi,Kalyana Karnataka,Smartwatch,4,4451,10,17804,1780.4,16023.6,12199.93,3823.67,Online,Medium Business,May,5,Q2,2026,23.86,,17804,316982.416
KSA00038,2025-03-13,Bidar,Kalyana Karnataka,Headphones,14,2868,5,40152,2007.6,38144.4,32358.69,5785.71,Online,Individual,March,3,Q1,2025,15.17,,40152,806091.552
KSA00039,2025-02-05,Mangaluru,Coastal Karnataka,Smartphone,7,25721,0,180047,0.0,180047.0,115834.88,64212.12,Distributor,Medium Business,February,2,Q1,2025,35.66,,180047,0.0
KSA00040,2025-11-29,Bidar,Kalyana Karnataka,Desktop PC,12,58014,15,696168,104425.2,591742.8,381922.55,209820.25,Online,Enterprise,November,11,Q4,2025,35.46,,696168,726974826.336
KSA00041,2026-05-01,Dharwad,North Karnataka,Monitor,2,14887,15,29774,4466.1,25307.9,20622.37,4685.53,Retail Store,Individual,May,5,Q2,2026,18.51,,29774,1329736.614
KSA00042,2026-04-11,Bengaluru,South Karnataka,Printer,19,7938,15,150822,22623.3,128198.7,81177.19,47021.51,Corporate,Medium Business,April,4,Q2,2026,36.68,,150822,34120913.526
KSA00043,2025-04-03,Mysuru,South Karnataka,Tablet,10,28718,0,287180,0.0,287180.0,223987.81,63192.19,Corporate,Small Business,April,4,Q2,2025,22.0,,287180,0.0
KSA00044,2026-03-30,Chitradurga,Central Karnataka,Tablet,8,19110,0,152880,0.0,152880.0,119940.51,32939.49,Retail Store,Enterprise,March,3,Q1,2026,21.55,,152880,0.0
KSA00045,2026-01-05,Tumakuru,South Karnataka,Laptop,19,55640,0,1057160,0.0,1057160.0,802856.4,254303.6,Retail Store,Enterprise,January,1,Q1,2026,24.06,,1057160,0.0
KSA00046,2026-05-11,Mangaluru,Coastal Karnataka,Headphones,20,6508,0,130160,0.0,130160.0,86936.93,43223.07,Retail Store,Individual,May,5,Q2,2026,33.21,,130160,0.0
KSA00047,2026-04-06,Belagavi,North Karnataka,Monitor,6,25303,15,151818,22772.7,129045.3,107109.12,21936.18,Retail Store,Individual,April,4,Q2,2026,17.0,,151818,34573057.686
KSA00048,2025-03-28,Kalaburagi,Kalyana Karnataka,Tablet,8,20997,0,167976,0.0,167976.0,103661.62,64314.38,Online,Individual,March,3,Q1,2025,38.29,,167976,0.0
KSA00049,2026-06-24,Mysuru,South Karnataka,Headphones,11,1604,15,17644,2646.6,14997.4,11478.82,3518.58,Online,Small Business,June,6,Q2,2026,23.46,,17644,466966.104
KSA00050,2025-08-19,Mandya,South Karnataka,Smartwatch,5,6790,10,33950,3395.0,30555.0,24184.28,6370.72,Retail Store,Enterprise,August,8,Q3,2025,20.85,,33950,1152602.5
KSA00051,2025-03-18,Vijayapura,North Karnataka,Laptop,10,71353,10,713530,71353.0,642177.0,473051.95,169125.05,Corporate,Medium Business,March,3,Q1,2025,26.34,,713530,509125060.9
KSA00052,2025-04-26,Belagavi,North Karnataka,Smartphone,5,25345,5,126725,6336.25,120388.75,84516.12,35872.63,Retail Store,Medium Business,April,4,Q2,2025,29.8,,126725,8029612.8125
KSA00053,2025-10-02,Chitradurga,Central Karnataka,Smartphone,20,28212,15,564240,84636.0,479604.0,329338.57,150265.43,Online,Enterprise,October,10,Q4,2025,31.33,,564240,477550166.4
KSA00054,2026-02-26,Mandya,South Karnataka,Headphones,15,5399,5,80985,4049.25,76935.75,47829.26,29106.49,Retail Store,Individual,February,2,Q1,2026,37.83,,80985,3279285.1125
KSA00055,2025-04-04,Davangere,Central Karnataka,Monitor,1,19402,15,19402,2910.3,16491.7,11880.03,4611.67,Online,Enterprise,April,4,Q2,2025,27.96,,19402,564656.406
KSA00056,2025-06-01,Hubballi,North Karnataka,Desktop PC,16,45633,10,730128,73012.8,657115.2,470293.0,186822.2,Corporate,Enterprise,June,6,Q2,2025,28.43,,730128,533086896.384
KSA00057,2025-09-04,Tumakuru,South Karnataka,Keyboard,11,2587,0,28457,0.0,28457.0,17885.8,10571.2,Corporate,Individual,September,9,Q3,2025,37.15,,28457,0.0
KSA00058,2026-03-12,Chitradurga,Central Karnataka,Monitor,12,22321,5,267852,13392.6,254459.4,161161.77,93297.63,Distributor,Enterprise,March,3,Q1,2026,36.67,,267852,35872346.952
KSA00059,2025-01-21,Hubballi,North Karnataka,Monitor,8,18276,10,146208,14620.8,131587.2,79407.83,52179.37,Retail Store,Medium Business,January,1,Q1,2025,39.65,,146208,21376779.264
KSA00060,2026-01-28,Hubballi,North Karnataka,Desktop PC,6,61536,5,369216,18460.8,350755.2,253145.58,97609.62,Retail Store,Enterprise,January,1,Q1,2026,27.83,,369216,68160227.328
KSA00061,2026-03-23,Kalaburagi,Kalyana Karnataka,Printer,7,9177,5,64239,3211.95,61027.05,42806.43,18220.62,Corporate,Individual,March,3,Q1,2026,29.86,,64239,2063324.5605
KSA00062,2026-05-12,Shivamogga,Malnad Karnataka,Monitor,20,21107,15,422140,63321.0,358819.0,228540.83,130278.17,Online,Individual,May,5,Q2,2026,36.31,,422140,267303269.4
KSA00063,2026-05-02,Udupi,Coastal Karnataka,Camera,4,57314,0,229256,0.0,229256.0,177904.69,51351.31,Corporate,Enterprise,May,5,Q2,2026,22.4,,229256,0.0
KSA00064,2026-03-21,Raichur,Kalyana Karnataka,Smartphone,12,26425,5,317100,15855.0,301245.0,218579.7,82665.3,Retail Store,Medium Business,March,3,Q1,2026,27.44,,317100,50276205.0
KSA00065,2025-01-28,Dharwad,North Karnataka,Smartphone,6,13892,10,83352,8335.2,75016.8,52712.57,22304.23,Distributor,Medium Business,January,1,Q1,2025,29.73,,83352,6947555.904
KSA00066,2025-11-24,Mysuru,South Karnataka,Printer,20,13767,20,275340,55068.0,220272.0,133268.02,87003.98,Distributor,Medium Business,November,11,Q4,2025,39.5,,275340,151624231.2
KSA00067,2025-11-09,Kolar,South Karnataka,Smartphone,18,17469,0,314442,0.0,314442.0,197575.62,116866.38,Distributor,Enterprise,November,11,Q4,2025,37.17,,314442,0.0
KSA00068,2026-01-13,Kodagu,Malnad Karnataka,Desktop PC,2,69810,5,139620,6981.0,132639.0,93009.21,39629.79,Corporate,Medium Business,January,1,Q1,2026,29.88,,139620,9746872.2
KSA00069,2026-05-10,Udupi,Coastal Karnataka,Tablet,20,24300,10,486000,48600.0,437400.0,295603.4,141796.6,Retail Store,Enterprise,May,5,Q2,2026,32.42,,486000,236196000.0
KSA00070,2025-01-22,Bengaluru,South Karnataka,Monitor,15,15033,0,225495,0.0,225495.0,165946.97,59548.03,Retail Store,Enterprise,January,1,Q1,2025,26.41,,225495,0.0
KSA00071,2026-01-24,Bidar,Kalyana Karnataka,Headphones,17,5205,0,88485,0.0,88485.0,63221.64,25263.36,Online,Medium Business,January,1,Q1,2026,28.55,,88485,0.0
KSA00072,2025-08-22,Hubballi,North Karnataka,Tablet,4,34152,0,136608,0.0,136608.0,114860.71,21747.29,Retail Store,Medium Business,August,8,Q3,2025,15.92,,136608,0.0
KSA00073,2025-05-13,Dharwad,North Karnataka,Headphones,4,4034,15,16136,2420.4,13715.6,10302.03,3413.57,Distributor,Enterprise,May,5,Q2,2025,24.89,,16136,390555.744
KSA00074,2025-03-18,Kolar,South Karnataka,Printer,13,16678,10,216814,21681.4,195132.6,145208.4,49924.2,Retail Store,Enterprise,March,3,Q1,2025,25.58,,216814,47008310.596
KSA00075,2025-01-18,Raichur,Kalyana Karnataka,Laptop,20,47828,5,956560,47828.0,908732.0,576200.18,332531.82,Corporate,Medium Business,January,1,Q1,2025,36.59,,956560,457503516.8
KSA00076,2026-05-05,Mandya,South Karnataka,Desktop PC,13,59969,0,779597,0.0,779597.0,551947.97,227649.03,Corporate,Medium Business,May,5,Q2,2026,29.2,,779597,0.0
KSA00077,2025-04-11,Davangere,Central Karnataka,Smartphone,2,16602,15,33204,4980.6,28223.4,21501.22,6722.18,Corporate,Individual,April,4,Q2,2025,23.82,,33204,1653758.424
KSA00078,2025-04-05,Chitradurga,Central Karnataka,Smartphone,15,18328,0,274920,0.0,274920.0,210859.41,64060.59,Distributor,Individual,April,4,Q2,2025,23.3,,274920,0.0
KSA00079,2026-02-17,Ballari,Kalyana Karnataka,Camera,3,81919,5,245757,12287.85,233469.15,173092.11,60377.04,Distributor,Medium Business,February,2,Q1,2026,25.86,,245757,30198251.5245
KSA00080,2026-03-20,Kalaburagi,Kalyana Karnataka,Smartphone,12,12422,0,149064,0.0,149064.0,115394.2,33669.8,Online,Individual,March,3,Q1,2026,22.59,,149064,0.0
KSA00081,2026-04-28,Udupi,Coastal Karnataka,Tablet,20,15756,0,315120,0.0,315120.0,212313.81,102806.19,Corporate,Small Business,April,4,Q2,2026,32.62,,315120,0.0
KSA00082,2025-01-14,Dharwad,North Karnataka,Tablet,3,27800,5,83400,4170.0,79230.0,64919.29,14310.71,Retail Store,Enterprise,January,1,Q1,2025,18.06,,83400,3477780.0
KSA00083,2026-06-26,Shivamogga,Malnad Karnataka,Headphones,4,3012,10,12048,1204.8,10843.2,9193.19,1650.01,Distributor,Individual,June,6,Q2,2026,15.22,,12048,145154.304
KSA00084,2025-10-04,Kolar,South Karnataka,Smartwatch,18,13725,5,247050,12352.5,234697.5,196912.53,37784.97,Distributor,Enterprise,October,10,Q4,2025,16.1,,247050,30516851.25
KSA00085,2025-07-29,Dharwad,North Karnataka,Laptop,20,68749,0,1374980,0.0,1374980.0,877680.09,497299.91,Retail Store,Medium Business,July,7,Q3,2025,36.17,,1374980,0.0
KSA00086,2025-08-20,Udupi,Coastal Karnataka,Desktop PC,9,58129,15,523161,78474.15,444686.85,292338.08,152348.77,Corporate,Small Business,August,8,Q3,2025,34.26,,523161,410546147.8815
KSA00087,2025-11-10,Hubballi,North Karnataka,Keyboard,7,852,15,5964,894.6,5069.4,3623.95,1445.45,Retail Store,Enterprise,November,11,Q4,2025,28.51,,5964,53353.944
KSA00088,2025-10-09,Chitradurga,Central Karnataka,Monitor,11,21528,10,236808,23680.8,213127.2,140556.85,72570.35,Distributor,Medium Business,October,10,Q4,2025,34.05,,236808,56078028.864
KSA00089,2025-10-07,Kodagu,Malnad Karnataka,Smartwatch,5,7463,10,37315,3731.5,33583.5,20552.59,13030.91,Corporate,Medium Business,October,10,Q4,2025,38.8,,37315,1392409.225
KSA00090,2025-05-01,Mangaluru,Coastal Karnataka,Camera,4,78882,10,315528,31552.8,283975.2,202980.52,80994.68,Distributor,Individual,May,5,Q2,2025,28.52,,315528,99557918.784
KSA00091,2025-03-15,Udupi,Coastal Karnataka,Smartphone,16,19707,15,315312,47296.8,268015.2,172925.08,95090.12,Retail Store,Small Business,March,3,Q1,2025,35.48,,315312,149132486.016
KSA00092,2025-10-21,Bengaluru,South Karnataka,Laptop,12,61902,5,742824,37141.2,705682.8,512456.28,193226.52,Corporate,Small Business,October,10,Q4,2025,27.38,,742824,275893747.488
KSA00093,2026-02-24,Kalaburagi,Kalyana Karnataka,Monitor,9,23813,20,214317,42863.4,171453.6,113500.12,57953.48,Corporate,Small Business,February,2,Q1,2026,33.8,,214317,91863552.978
KSA00094,2025-11-19,Mangaluru,Coastal Karnataka,Desktop PC,13,37818,5,491634,24581.7,467052.3,376058.77,90993.53,Retail Store,Medium Business,November,11,Q4,2025,19.48,,491634,120851994.978
KSA00095,2026-04-03,Udupi,Coastal Karnataka,Desktop PC,19,38531,20,732089,146417.8,585671.2,487016.83,98654.37,Retail Store,Enterprise,April,4,Q2,2026,16.84,,732089,1071908607.842
KSA00096,2025-02-02,Vijayapura,North Karnataka,Smartphone,18,22193,10,399474,39947.4,359526.6,257288.58,102238.02,Distributor,Enterprise,February,2,Q1,2025,28.44,,399474,159579476.676
KSA00097,2025-05-30,Tumakuru,South Karnataka,Headphones,11,2701,15,29711,4456.65,25254.35,20591.57,4662.78,Distributor,Enterprise,May,5,Q2,2025,18.46,,29711,1324115.2815
KSA00098,2025-05-25,Dharwad,North Karnataka,Camera,2,29026,10,58052,5805.2,52246.8,34915.94,17330.86,Retail Store,Individual,May,5,Q2,2025,33.17,,58052,3370034.704
KSA00099,2026-04-06,Belagavi,North Karnataka,Headphones,16,3830,5,61280,3064.0,58216.0,35021.62,23194.38,Retail Store,Medium Business,April,4,Q2,2026,39.84,,61280,1877619.2
KSA00100,2025-07-28,Chitradurga,Central Karnataka,Tablet,6,30860,15,185160,27774.0,157386.0,132852.33,24533.67,Corporate,Medium Business,July,7,Q3,2025,15.59,,185160,51426338.4
KSA00101,2025-01-18,Kolar,South Karnataka,Headphones,17,5500,10,93500,9350.0,84150.0,60737.97,23412.03,Online,Individual,January,1,Q1,2025,27.82,,93500,8742250.0
KSA00102,2025-08-16,Kalaburagi,Kalyana Karnataka,Tablet,16,26264,20,420224,84044.8,336179.2,221254.67,114924.53,Distributor,Small Business,August,8,Q3,2025,34.19,,420224,353176420.352
KSA00103,2025-02-28,Hubballi,North Karnataka,Headphones,4,7071,15,28284,4242.6,24041.4,16238.55,7802.85,Corporate,Individual,February,2,Q1,2025,32.46,,28284,1199976.984
KSA00104,2025-01-07,Tumakuru,South Karnataka,Printer,14,19680,10,275520,27552.0,247968.0,197195.53,50772.47,Online,Individual,January,1,Q1,2025,20.48,,275520,75911270.4
KSA00105,2025-04-05,Bengaluru,South Karnataka,Tablet,20,29787,5,595740,29787.0,565953.0,348246.8,217706.2,Corporate,Individual,April,4,Q2,2025,38.47,,595740,177453073.8
KSA00106,2025-05-06,Kolar,South Karnataka,Headphones,3,5004,0,15012,0.0,15012.0,9185.93,5826.07,Distributor,Small Business,May,5,Q2,2025,38.81,,15012,0.0
KSA00107,2025-03-16,Bengaluru,South Karnataka,Tablet,4,18544,10,74176,7417.6,66758.4,49837.84,16920.56,Corporate,Medium Business,March,3,Q1,2025,25.35,,74176,5502078.976
KSA00108,2026-05-01,Kodagu,Malnad Karnataka,Smartwatch,16,7912,20,126592,25318.4,101273.6,84769.48,16504.12,Distributor,Small Business,May,5,Q2,2026,16.3,,126592,32051068.928
KSA00109,2025-03-14,Hassan,South Karnataka,Printer,20,18742,5,374840,18742.0,356098.0,299667.62,56430.38,Distributor,Individual,March,3,Q1,2025,15.85,,374840,70252512.8
KSA00110,2026-05-18,Mangaluru,Coastal Karnataka,Headphones,19,7410,5,140790,7039.5,133750.5,93301.99,40448.51,Retail Store,Enterprise,May,5,Q2,2026,30.24,,140790,9910912.05
KSA00111,2025-06-28,Tumakuru,South Karnataka,Desktop PC,1,66112,10,66112,6611.2,59500.8,40323.83,19176.97,Retail Store,Small Business,June,6,Q2,2025,32.23,,66112,4370796.544
KSA00112,2026-01-17,Raichur,Kalyana Karnataka,Keyboard,16,1241,10,19856,1985.6,17870.4,14040.85,3829.55,Corporate,Small Business,January,1,Q1,2026,21.43,,19856,394260.736
KSA00113,2025-11-24,Davangere,Central Karnataka,Printer,9,19246,10,173214,17321.4,155892.6,123490.31,32402.29,Online,Small Business,November,11,Q4,2025,20.79,,173214,30003089.796
KSA00114,2025-08-03,Hassan,South Karnataka,Tablet,12,32570,5,390840,19542.0,371298.0,312629.22,58668.78,Online,Small Business,August,8,Q3,2025,15.8,,390840,76377952.8
KSA00115,2025-08-09,Raichur,Kalyana Karnataka,Tablet,17,27334,20,464678,92935.6,371742.4,239559.98,132182.42,Retail Store,Enterprise,August,8,Q3,2025,35.56,,464678,431851287.368
KSA00116,2026-03-07,Tumakuru,South Karnataka,Smartphone,4,41090,10,164360,16436.0,147924.0,95767.5,52156.5,Online,Small Business,March,3,Q1,2026,35.26,,164360,27014209.6
KSA00117,2025-10-23,Dharwad,North Karnataka,Smartphone,11,17769,0,195459,0.0,195459.0,118793.65,76665.35,Distributor,Enterprise,October,10,Q4,2025,39.22,,195459,0.0
KSA00118,2026-03-05,Raichur,Kalyana Karnataka,Camera,11,29923,5,329153,16457.65,312695.35,226544.51,86150.84,Retail Store,Individual,March,3,Q1,2026,27.55,,329153,54170848.7045
KSA00119,2026-06-20,Chitradurga,Central Karnataka,Keyboard,18,1158,10,20844,2084.4,18759.6,11733.8,7025.8,Corporate,Individual,June,6,Q2,2026,37.45,,20844,434472.336
KSA00120,2025-03-14,Mangaluru,Coastal Karnataka,Desktop PC,13,43431,0,564603,0.0,564603.0,429691.82,134911.18,Distributor,Small Business,March,3,Q1,2025,23.89,,564603,0.0
KSA00121,2025-10-21,Dharwad,North Karnataka,Headphones,17,3516,10,59772,5977.2,53794.8,35959.08,17835.72,Corporate,Enterprise,October,10,Q4,2025,33.16,,59772,3572691.984
KSA00122,2025-03-24,Hubballi,North Karnataka,Smartwatch,15,4353,5,65295,3264.75,62030.25,40953.08,21077.17,Distributor,Medium Business,March,3,Q1,2025,33.98,,65295,2131718.5125
KSA00123,2025-11-13,Ballari,Kalyana Karnataka,Tablet,3,19929,5,59787,2989.35,56797.65,38754.34,18043.31,Online,Small Business,November,11,Q4,2025,31.77,,59787,1787242.6845
KSA00124,2026-03-09,Mandya,South Karnataka,Smartwatch,20,2636,0,52720,0.0,52720.0,35588.28,17131.72,Online,Individual,March,3,Q1,2026,32.5,,52720,0.0
KSA00125,2026-06-12,Kalaburagi,Kalyana Karnataka,Smartphone,13,31561,10,410293,41029.3,369263.7,258267.15,110996.55,Online,Enterprise,June,6,Q2,2026,30.06,,410293,168340345.849
KSA00126,2026-01-17,Mandya,South Karnataka,Keyboard,20,2787,5,55740,2787.0,52953.0,34733.71,18219.29,Distributor,Individual,January,1,Q1,2026,34.41,,55740,1553473.8
KSA00127,2026-06-22,Hubballi,North Karnataka,Smartwatch,6,7540,5,45240,2262.0,42978.0,26747.09,16230.91,Retail Store,Medium Business,June,6,Q2,2026,37.77,,45240,1023328.8
KSA00128,2026-05-07,Mandya,South Karnataka,Desktop PC,17,59099,0,1004683,0.0,1004683.0,777748.57,226934.43,Retail Store,Enterprise,May,5,Q2,2026,22.59,,1004683,0.0
KSA00129,2026-04-12,Davangere,Central Karnataka,Printer,15,11244,10,168660,16866.0,151794.0,92017.24,59776.76,Retail Store,Small Business,April,4,Q2,2026,39.38,,168660,28446195.6
KSA00130,2026-04-13,Kalaburagi,Kalyana Karnataka,Desktop PC,9,56197,10,505773,50577.3,455195.7,354725.66,100470.04,Distributor,Individual,April,4,Q2,2026,22.07,,505773,255806327.529
KSA00131,2025-03-30,Hubballi,North Karnataka,Laptop,12,48395,5,580740,29037.0,551703.0,427821.1,123881.9,Online,Individual,March,3,Q1,2025,22.45,,580740,168629473.8
KSA00132,2025-06-10,Bengaluru,South Karnataka,Camera,1,83675,10,83675,8367.5,75307.5,61665.93,13641.57,Distributor,Individual,June,6,Q2,2025,18.11,,83675,7001505.625
KSA00133,2026-01-15,Davangere,Central Karnataka,Headphones,2,6677,5,13354,667.7,12686.3,9403.39,3282.91,Retail Store,Small Business,January,1,Q1,2026,25.88,,13354,89164.658
KSA00134,2025-03-20,Raichur,Kalyana Karnataka,Keyboard,11,2378,5,26158,1307.9,24850.1,15843.41,9006.69,Corporate,Small Business,March,3,Q1,2025,36.24,,26158,342120.482
KSA00135,2026-03-13,Shivamogga,Malnad Karnataka,Desktop PC,16,46868,0,749888,0.0,749888.0,636641.29,113246.71,Corporate,Small Business,March,3,Q1,2026,15.1,,749888,0.0
KSA00136,2026-03-08,Bidar,Kalyana Karnataka,Printer,9,10942,15,98478,14771.7,83706.3,62916.7,20789.6,Retail Store,Medium Business,March,3,Q1,2026,24.84,,98478,14546874.726
KSA00137,2025-07-26,Hassan,South Karnataka,Desktop PC,5,43800,0,219000,0.0,219000.0,137260.97,81739.03,Retail Store,Small Business,July,7,Q3,2025,37.32,,219000,0.0
KSA00138,2025-11-25,Dharwad,North Karnataka,Desktop PC,19,47329,5,899251,44962.55,854288.45,652762.46,201525.99,Online,Individual,November,11,Q4,2025,23.59,,899251,404326180.5005
KSA00139,2026-02-03,Kolar,South Karnataka,Keyboard,1,2433,5,2433,121.65,2311.35,1471.08,840.27,Corporate,Medium Business,February,2,Q1,2026,36.35,,2433,2959.7445
KSA00140,2025-12-18,Kalaburagi,Kalyana Karnataka,Printer,10,7466,5,74660,3733.0,70927.0,57832.54,13094.46,Distributor,Enterprise,December,12,Q4,2025,18.46,,74660,2787057.8
KSA00141,2025-01-16,Bengaluru,South Karnataka,Smartphone,15,27123,0,406845,0.0,406845.0,287168.57,119676.43,Retail Store,Enterprise,January,1,Q1,2025,29.42,,406845,0.0
KSA00142,2026-06-07,Belagavi,North Karnataka,Smartphone,4,24678,20,98712,19742.4,78969.6,50558.55,28411.05,Distributor,Individual,June,6,Q2,2026,35.98,,98712,19488117.888
KSA00143,2026-05-23,Tumakuru,South Karnataka,Smartphone,10,23613,5,236130,11806.5,224323.5,137218.67,87104.83,Online,Enterprise,May,5,Q2,2026,38.83,,236130,27878688.45
KSA00144,2025-09-04,Hassan,South Karnataka,Monitor,15,26017,15,390255,58538.25,331716.75,277602.53,54114.22,Distributor,Enterprise,September,9,Q3,2025,16.31,,390255,228448447.5375
KSA00145,2025-06-19,Mangaluru,Coastal Karnataka,Printer,11,19325,15,212575,31886.25,180688.75,120514.76,60173.99,Distributor,Individual,June,6,Q2,2025,33.3,,212575,67782195.9375
KSA00146,2026-03-19,Vijayapura,North Karnataka,Printer,9,10554,0,94986,0.0,94986.0,58765.51,36220.49,Online,Enterprise,March,3,Q1,2026,38.13,,94986,0.0
KSA00147,2026-06-13,Mangaluru,Coastal Karnataka,Camera,20,31723,0,634460,0.0,634460.0,488920.54,145539.46,Retail Store,Small Business,June,6,Q2,2026,22.94,,634460,0.0
KSA00148,2025-02-20,Chitradurga,Central Karnataka,Tablet,2,17034,0,34068,0.0,34068.0,26316.96,7751.04,Retail Store,Individual,February,2,Q1,2025,22.75,,34068,0.0
KSA00149,2026-03-30,Bidar,Kalyana Karnataka,Smartphone,3,28167,10,84501,8450.1,76050.9,52402.97,23647.93,Distributor,Individual,March,3,Q1,2026,31.09,,84501,7140419.001
KSA00150,2025-11-05,Mysuru,South Karnataka,Smartwatch,19,11494,15,218386,32757.9,185628.1,124605.82,61022.28,Retail Store,Enterprise,November,11,Q4,2025,32.87,,218386,71538667.494
KSA00151,2025-05-26,Kodagu,Malnad Karnataka,Laptop,3,54288,10,162864,16286.4,146577.6,106570.52,40007.08,Retail Store,Individual,May,5,Q2,2025,27.29,,162864,26524682.496
KSA00152,2025-07-08,Udupi,Coastal Karnataka,Printer,9,13905,15,125145,18771.75,106373.25,82424.78,23948.47,Online,Enterprise,July,7,Q3,2025,22.51,,125145,23491906.5375
KSA00153,2025-10-08,Vijayapura,North Karnataka,Headphones,9,1546,10,13914,1391.4,12522.6,9121.85,3400.75,Online,Medium Business,October,10,Q4,2025,27.16,,13914,193599.396
KSA00154,2026-06-12,Mysuru,South Karnataka,Laptop,16,64222,15,1027552,154132.8,873419.2,601766.36,271652.84,Retail Store,Small Business,June,6,Q2,2026,31.1,,1027552,1583794669.056
KSA00155,2025-06-04,Tumakuru,South Karnataka,Smartphone,17,25677,5,436509,21825.45,414683.55,284350.43,130333.12,Online,Medium Business,June,6,Q2,2025,31.43,,436509,95270053.5405
KSA00156,2025-05-11,Kolar,South Karnataka,Desktop PC,5,61132,15,305660,45849.0,259811.0,186333.02,73477.98,Online,Medium Business,May,5,Q2,2025,28.28,,305660,140142053.4
KSA00157,2026-04-22,Kolar,South Karnataka,Smartwatch,2,12828,20,25656,5131.2,20524.8,16468.44,4056.36,Distributor,Medium Business,April,4,Q2,2026,19.76,,25656,1316460.672
KSA00158,2025-08-22,Shivamogga,Malnad Karnataka,Headphones,10,2688,0,26880,0.0,26880.0,22569.73,4310.27,Distributor,Individual,August,8,Q3,2025,16.04,,26880,0.0
KSA00159,2025-02-19,Vijayapura,North Karnataka,Keyboard,10,2824,10,28240,2824.0,25416.0,15906.12,9509.88,Distributor,Small Business,February,2,Q1,2025,37.42,,28240,797497.6
KSA00160,2026-01-27,Kalaburagi,Kalyana Karnataka,Monitor,11,25611,10,281721,28172.1,253548.9,193043.43,60505.47,Retail Store,Medium Business,January,1,Q1,2026,23.86,,281721,79366721.841
KSA00161,2025-04-12,Mandya,South Karnataka,Smartwatch,11,14098,0,155078,0.0,155078.0,130702.11,24375.89,Retail Store,Individual,April,4,Q2,2025,15.72,,155078,0.0
KSA00162,2026-01-29,Udupi,Coastal Karnataka,Desktop PC,20,62773,5,1255460,62773.0,1192687.0,989491.28,203195.72,Corporate,Medium Business,January,1,Q1,2026,17.04,,1255460,788089905.8
KSA00163,2026-01-05,Mangaluru,Coastal Karnataka,Laptop,14,57337,0,802718,0.0,802718.0,489202.21,313515.79,Distributor,Individual,January,1,Q1,2026,39.06,,802718,0.0
KSA00164,2026-03-26,Dharwad,North Karnataka,Smartwatch,19,7340,15,139460,20919.0,118541.0,85153.49,33387.51,Distributor,Individual,March,3,Q1,2026,28.17,,139460,29173637.4
KSA00165,2026-04-25,Shivamogga,Malnad Karnataka,Desktop PC,3,50741,10,152223,15222.3,137000.7,105101.6,31899.1,Online,Individual,April,4,Q2,2026,23.28,,152223,23171841.729
KSA00166,2025-11-04,Kolar,South Karnataka,Camera,20,53422,5,1068440,53422.0,1015018.0,619954.59,395063.41,Online,Medium Business,November,11,Q4,2025,38.92,,1068440,570782016.8
KSA00167,2026-06-02,Hassan,South Karnataka,Keyboard,4,1940,5,7760,388.0,7372.0,4695.09,2676.91,Distributor,Individual,June,6,Q2,2026,36.31,,7760,30108.8
KSA00168,2026-01-25,Kolar,South Karnataka,Headphones,1,7575,10,7575,757.5,6817.5,5091.31,1726.19,Online,Individual,January,1,Q1,2026,25.32,,7575,57380.625
KSA00169,2025-05-18,Tumakuru,South Karnataka,Monitor,14,11949,0,167286,0.0,167286.0,123448.5,43837.5,Retail Store,Medium Business,May,5,Q2,2025,26.21,,167286,0.0
KSA00170,2026-04-10,Bidar,Kalyana Karnataka,Smartwatch,1,12187,20,12187,2437.4,9749.6,6921.01,2828.59,Retail Store,Medium Business,April,4,Q2,2026,29.01,,12187,297045.938
KSA00171,2025-03-12,Raichur,Kalyana Karnataka,Camera,13,78940,10,1026220,102622.0,923598.0,710359.83,213238.17,Distributor,Small Business,March,3,Q1,2025,23.09,,1026220,1053127488.4
KSA00172,2026-03-06,Mangaluru,Coastal Karnataka,Laptop,19,53917,0,1024423,0.0,1024423.0,731703.01,292719.99,Retail Store,Medium Business,March,3,Q1,2026,28.57,,1024423,0.0
KSA00173,2025-06-12,Kalaburagi,Kalyana Karnataka,Smartphone,19,15930,5,302670,15133.5,287536.5,184224.26,103312.24,Retail Store,Small Business,June,6,Q2,2025,35.93,,302670,45804564.45
KSA00174,2025-06-12,Davangere,Central Karnataka,Laptop,3,55227,15,165681,24852.15,140828.85,104939.42,35889.43,Retail Store,Small Business,June,6,Q2,2025,25.48,,165681,41175290.6415
KSA00175,2026-06-01,Davangere,Central Karnataka,Monitor,12,16497,10,197964,19796.4,178167.6,124034.1,54133.5,Retail Store,Individual,June,6,Q2,2026,30.38,,197964,39189745.296
KSA00176,2026-03-13,Dharwad,North Karnataka,Headphones,9,4343,0,39087,0.0,39087.0,24143.42,14943.58,Distributor,Medium Business,March,3,Q1,2026,38.23,,39087,0.0
KSA00177,2025-10-26,Bidar,Kalyana Karnataka,Smartphone,15,25242,5,378630,18931.5,359698.5,234900.75,124797.75,Corporate,Small Business,October,10,Q4,2025,34.7,,378630,71680338.45
KSA00178,2025-12-02,Ballari,Kalyana Karnataka,Smartphone,20,33164,15,663280,99492.0,563788.0,355792.6,207995.4,Retail Store,Individual,December,12,Q4,2025,36.89,,663280,659910537.6
KSA00179,2025-11-21,Kodagu,Malnad Karnataka,Tablet,8,33571,15,268568,40285.2,228282.8,168379.92,59902.88,Online,Enterprise,November,11,Q4,2025,26.24,,268568,108193155.936
KSA00180,2025-12-24,Ballari,Kalyana Karnataka,Laptop,1,52048,5,52048,2602.4,49445.6,41308.69,8136.91,Online,Medium Business,December,12,Q4,2025,16.46,,52048,1354497.152
KSA00181,2026-06-30,Kolar,South Karnataka,Tablet,18,24663,15,443934,66590.1,377343.9,254817.13,122526.77,Distributor,Small Business,June,6,Q2,2026,32.47,,443934,295616094.534
KSA00182,2025-09-06,Mandya,South Karnataka,Printer,11,12983,5,142813,7140.65,135672.35,114067.96,21604.39,Distributor,Medium Business,September,9,Q3,2025,15.92,,142813,10197776.4845
KSA00183,2026-05-10,Mangaluru,Coastal Karnataka,Monitor,2,17362,0,34724,0.0,34724.0,22804.16,11919.84,Corporate,Medium Business,May,5,Q2,2026,34.33,,34724,0.0
KSA00184,2025-06-06,Mysuru,South Karnataka,Smartwatch,18,7136,10,128448,12844.8,115603.2,96506.92,19096.28,Online,Individual,June,6,Q2,2025,16.52,,128448,16498888.704
KSA00185,2025-08-23,Kolar,South Karnataka,Laptop,4,71109,10,284436,28443.6,255992.4,155575.21,100417.19,Online,Individual,August,8,Q3,2025,39.23,,284436,80903838.096
KSA00186,2025-05-04,Bidar,Kalyana Karnataka,Laptop,19,72570,10,1378830,137883.0,1240947.0,756125.67,484821.33,Distributor,Medium Business,May,5,Q2,2025,39.07,,1378830,1901172168.9
KSA00187,2026-02-25,Ballari,Kalyana Karnataka,Keyboard,12,1465,15,17580,2637.0,14943.0,9942.94,5000.06,Online,Enterprise,February,2,Q1,2026,33.46,,17580,463584.6
KSA00188,2025-12-21,Mandya,South Karnataka,Keyboard,10,2851,5,28510,1425.5,27084.5,22453.78,4630.72,Corporate,Individual,December,12,Q4,2025,17.1,,28510,406410.05
KSA00189,2026-04-14,Raichur,Kalyana Karnataka,Headphones,6,5302,0,31812,0.0,31812.0,20383.21,11428.79,Retail Store,Enterprise,April,4,Q2,2026,35.93,,31812,0.0
KSA00190,2025-09-12,Mysuru,South Karnataka,Headphones,20,6843,0,136860,0.0,136860.0,96500.77,40359.23,Corporate,Individual,September,9,Q3,2025,29.49,,136860,0.0
KSA00191,2025-03-15,Ballari,Kalyana Karnataka,Tablet,13,31556,5,410228,20511.4,389716.6,254325.39,135391.21,Retail Store,Medium Business,March,3,Q1,2025,34.74,,410228,84143505.992
KSA00192,2026-05-20,Bengaluru,South Karnataka,Monitor,15,13961,5,209415,10470.75,198944.25,122165.27,76778.98,Online,Medium Business,May,5,Q2,2026,38.59,,209415,21927321.1125
KSA00193,2025-05-13,Hassan,South Karnataka,Laptop,8,71901,15,575208,86281.2,488926.8,366459.09,122467.71,Retail Store,Small Business,May,5,Q2,2025,25.05,,575208,496296364.896
KSA00194,2025-12-18,Davangere,Central Karnataka,Printer,19,13252,10,251788,25178.8,226609.2,161790.38,64818.82,Distributor,Small Business,December,12,Q4,2025,28.6,,251788,63397196.944
KSA00195,2026-01-25,Mysuru,South Karnataka,Desktop PC,10,44648,0,446480,0.0,446480.0,275576.69,170903.31,Distributor,Medium Business,January,1,Q1,2026,38.28,,446480,0.0
KSA00196,2025-07-11,Bidar,Kalyana Karnataka,Monitor,11,11888,10,130768,13076.8,117691.2,87210.34,30480.86,Corporate,Small Business,July,7,Q3,2025,25.9,,130768,17100269.824
KSA00197,2025-01-08,Kalaburagi,Kalyana Karnataka,Smartphone,4,29895,0,119580,0.0,119580.0,89469.1,30110.9,Corporate,Individual,January,1,Q1,2025,25.18,,119580,0.0
KSA00198,2025-02-10,Kodagu,Malnad Karnataka,Smartphone,7,32427,15,226989,34048.35,192940.65,122169.77,70770.88,Corporate,Medium Business,February,2,Q1,2025,36.68,,226989,77286009.1815
KSA00199,2025-04-03,Hassan,South Karnataka,Smartwatch,10,9634,0,96340,0.0,96340.0,62580.48,33759.52,Online,Medium Business,April,4,Q2,2025,35.04,,96340,0.0
KSA00200,2026-04-06,Kalaburagi,Kalyana Karnataka,Desktop PC,7,59311,0,415177,0.0,415177.0,262203.57,152973.43,Online,Medium Business,April,4,Q2,2026,36.85,,415177,0.0
KSA00201,2025-11-24,Davangere,Central Karnataka,Printer,7,18818,15,131726,19758.9,111967.1,87222.36,24744.74,Distributor,Individual,November,11,Q4,2025,22.1,,131726,26027608.614
KSA00202,2025-07-28,Shivamogga,Malnad Karnataka,Monitor,1,18345,15,18345,2751.75,15593.25,10090.96,5502.29,Online,Enterprise,July,7,Q3,2025,35.29,,18345,504808.5375
KSA00203,2025-08-29,Hassan,South Karnataka,Smartphone,5,20098,0,100490,0.0,100490.0,67064.16,33425.84,Retail Store,Small Business,August,8,Q3,2025,33.26,,100490,0.0
KSA00204,2025-06-12,Vijayapura,North Karnataka,Tablet,19,25803,0,490257,0.0,490257.0,303091.18,187165.82,Online,Individual,June,6,Q2,2025,38.18,,490257,0.0
KSA00205,2025-12-19,Chitradurga,Central Karnataka,Laptop,15,66227,15,993405,149010.75,844394.25,695723.23,148671.02,Distributor,Enterprise,December,12,Q4,2025,17.61,,993405,1480280241.0375
KSA00206,2025-06-27,Hassan,South Karnataka,Keyboard,14,900,5,12600,630.0,11970.0,9472.38,2497.62,Retail Store,Medium Business,June,6,Q2,2025,20.87,,12600,79380.0
KSA00207,2025-09-02,Hubballi,North Karnataka,Tablet,6,20619,15,123714,18557.1,105156.9,71140.79,34016.11,Online,Individual,September,9,Q3,2025,32.35,,123714,22957730.694
KSA00208,2025-09-08,Ballari,Kalyana Karnataka,Monitor,9,11416,10,102744,10274.4,92469.6,58671.31,33798.29,Online,Medium Business,September,9,Q3,2025,36.55,,102744,10556329.536
KSA00209,2025-07-19,Bidar,Kalyana Karnataka,Smartphone,9,31977,10,287793,28779.3,259013.7,218833.0,40180.7,Retail Store,Individual,July,7,Q3,2025,15.51,,287793,82824810.849
KSA00210,2025-06-23,Kalaburagi,Kalyana Karnataka,Printer,2,7761,15,15522,2328.3,13193.7,10483.9,2709.8,Retail Store,Medium Business,June,6,Q2,2025,20.54,,15522,361398.726
KSA00211,2025-11-04,Belagavi,North Karnataka,Smartphone,14,36631,15,512834,76925.1,435908.9,326049.04,109859.86,Retail Store,Individual,November,11,Q4,2025,25.2,,512834,394498067.334
KSA00212,2025-02-15,Kodagu,Malnad Karnataka,Laptop,6,69970,5,419820,20991.0,398829.0,290100.52,108728.48,Corporate,Individual,February,2,Q1,2025,27.26,,419820,88124416.2
KSA00213,2025-12-30,Udupi,Coastal Karnataka,Tablet,3,19514,5,58542,2927.1,55614.9,41031.2,14583.7,Corporate,Medium Business,December,12,Q4,2025,26.22,,58542,1713582.882
KSA00214,2026-02-18,Dharwad,North Karnataka,Printer,5,13480,15,67400,10110.0,57290.0,45697.29,11592.71,Corporate,Medium Business,February,2,Q1,2026,20.24,,67400,6814140.0
KSA00215,2025-02-25,Bidar,Kalyana Karnataka,Smartphone,11,21089,10,231979,23197.9,208781.1,139736.38,69044.72,Corporate,Individual,February,2,Q1,2025,33.07,,231979,53814256.441
KSA00216,2025-10-29,Ballari,Kalyana Karnataka,Smartphone,20,44485,10,889700,88970.0,800730.0,544313.98,256416.02,Corporate,Small Business,October,10,Q4,2025,32.02,,889700,791566090.0
KSA00217,2025-10-16,Tumakuru,South Karnataka,Smartwatch,9,3615,5,32535,1626.75,30908.25,22794.07,8114.18,Retail Store,Small Business,October,10,Q4,2025,26.25,,32535,529263.1125
KSA00218,2025-07-10,Belagavi,North Karnataka,Headphones,19,5352,10,101688,10168.8,91519.2,68072.95,23446.25,Distributor,Medium Business,July,7,Q3,2025,25.62,,101688,10340449.344
KSA00219,2025-06-02,Udupi,Coastal Karnataka,Laptop,18,65879,5,1185822,59291.1,1126530.9,798578.08,327952.82,Online,Small Business,June,6,Q2,2025,29.11,,1185822,703086907.842
KSA00220,2025-05-27,Hubballi,North Karnataka,Laptop,1,64728,15,64728,9709.2,55018.8,39516.62,15502.18,Online,Medium Business,May,5,Q2,2025,28.18,,64728,6284570.976
KSA00221,2026-06-22,Raichur,Kalyana Karnataka,Headphones,11,3472,10,38192,3819.2,34372.8,25669.85,8702.95,Retail Store,Enterprise,June,6,Q2,2026,25.32,,38192,1458628.864
KSA00222,2025-05-30,Hassan,South Karnataka,Desktop PC,18,68621,5,1235178,61758.9,1173419.1,959484.21,213934.89,Online,Small Business,May,5,Q2,2025,18.23,,1235178,762832345.842
KSA00223,2025-07-03,Bidar,Kalyana Karnataka,Monitor,16,23190,5,371040,18552.0,352488.0,286145.31,66342.69,Corporate,Enterprise,July,7,Q3,2025,18.82,,371040,68835340.8
KSA00224,2025-06-04,Dharwad,North Karnataka,Laptop,14,60936,10,853104,85310.4,767793.6,575511.81,192281.79,Online,Small Business,June,6,Q2,2025,25.04,,853104,727786434.816
KSA00225,2026-06-06,Chitradurga,Central Karnataka,Headphones,12,5156,10,61872,6187.2,55684.8,35447.96,20236.84,Online,Enterprise,June,6,Q2,2026,36.34,,61872,3828144.384
KSA00226,2025-10-10,Chitradurga,Central Karnataka,Printer,5,16975,10,84875,8487.5,76387.5,52171.67,24215.83,Distributor,Small Business,October,10,Q4,2025,31.7,,84875,7203765.625
KSA00227,2025-03-03,Mysuru,South Karnataka,Smartphone,18,19195,5,345510,17275.5,328234.5,206556.24,121678.26,Corporate,Medium Business,March,3,Q1,2025,37.07,,345510,59688580.05
KSA00228,2025-11-22,Udupi,Coastal Karnataka,Keyboard,4,1980,15,7920,1188.0,6732.0,4942.79,1789.21,Corporate,Medium Business,November,11,Q4,2025,26.58,,7920,94089.6
KSA00229,2025-02-12,Hubballi,North Karnataka,Headphones,11,7341,10,80751,8075.1,72675.9,43621.1,29054.8,Corporate,Medium Business,February,2,Q1,2025,39.98,,80751,6520724.001
KSA00230,2026-05-09,Kodagu,Malnad Karnataka,Desktop PC,5,60704,10,303520,30352.0,273168.0,202350.2,70817.8,Online,Enterprise,May,5,Q2,2026,25.92,,303520,92124390.4
KSA00231,2025-10-21,Kodagu,Malnad Karnataka,Monitor,15,10196,5,152940,7647.0,145293.0,114690.76,30602.24,Corporate,Individual,October,10,Q4,2025,21.06,,152940,11695321.8
KSA00232,2025-06-04,Bengaluru,South Karnataka,Smartwatch,4,2694,15,10776,1616.4,9159.6,6836.89,2322.71,Retail Store,Medium Business,June,6,Q2,2025,25.36,,10776,174183.264
KSA00233,2025-03-04,Chitradurga,Central Karnataka,Headphones,11,6748,5,74228,3711.4,70516.6,55296.75,15219.85,Online,Small Business,March,3,Q1,2025,21.58,,74228,2754897.992
KSA00234,2025-07-03,Belagavi,North Karnataka,Desktop PC,7,63910,10,447370,44737.0,402633.0,298835.0,103798.0,Corporate,Enterprise,July,7,Q3,2025,25.78,,447370,200139916.9
KSA00235,2025-03-01,Raichur,Kalyana Karnataka,Smartphone,17,36192,10,615264,61526.4,553737.6,426463.91,127273.69,Retail Store,Individual,March,3,Q1,2025,22.98,,615264,378549789.696
KSA00236,2026-06-08,Ballari,Kalyana Karnataka,Headphones,14,6954,15,97356,14603.4,82752.6,50157.43,32595.17,Online,Enterprise,June,6,Q2,2026,39.39,,97356,14217286.104
KSA00237,2025-12-05,Chitradurga,Central Karnataka,Printer,5,8976,5,44880,2244.0,42636.0,28280.18,14355.82,Online,Medium Business,December,12,Q4,2025,33.67,,44880,1007107.2
KSA00238,2025-11-02,Mandya,South Karnataka,Tablet,9,17788,0,160092,0.0,160092.0,109758.68,50333.32,Corporate,Medium Business,November,11,Q4,2025,31.44,,160092,0.0
KSA00239,2026-02-14,Chitradurga,Central Karnataka,Tablet,12,31964,10,383568,38356.8,345211.2,284888.94,60322.26,Retail Store,Enterprise,February,2,Q1,2026,17.47,,383568,147124410.624
KSA00240,2025-07-11,Bidar,Kalyana Karnataka,Tablet,5,17930,0,89650,0.0,89650.0,55045.92,34604.08,Retail Store,Medium Business,July,7,Q3,2025,38.6,,89650,0.0
KSA00241,2026-02-19,Hubballi,North Karnataka,Laptop,6,58809,20,352854,70570.8,282283.2,205716.92,76566.28,Online,Small Business,February,2,Q1,2026,27.12,,352854,249011890.632
KSA00242,2025-04-17,Belagavi,North Karnataka,Tablet,5,20750,10,103750,10375.0,93375.0,68754.17,24620.83,Distributor,Small Business,April,4,Q2,2025,26.37,,103750,10764062.5
KSA00243,2026-02-23,Ballari,Kalyana Karnataka,Laptop,19,59018,15,1121342,168201.3,953140.7,644146.48,308994.22,Retail Store,Enterprise,February,2,Q1,2026,32.42,,1121342,1886111821.446
KSA00244,2025-10-02,Ballari,Kalyana Karnataka,Camera,7,81303,5,569121,28456.05,540664.95,416672.4,123992.55,Retail Store,Small Business,October,10,Q4,2025,22.93,,569121,161949356.3205
KSA00245,2025-09-03,Vijayapura,North Karnataka,Camera,16,89991,0,1439856,0.0,1439856.0,1107127.84,332728.16,Distributor,Individual,September,9,Q3,2025,23.11,,1439856,0.0
KSA00246,2025-08-30,Hassan,South Karnataka,Tablet,2,20121,10,40242,4024.2,36217.8,29088.9,7128.9,Online,Enterprise,August,8,Q3,2025,19.68,,40242,1619418.564
KSA00247,2025-08-11,Udupi,Coastal Karnataka,Camera,11,27666,0,304326,0.0,304326.0,201339.04,102986.96,Online,Enterprise,August,8,Q3,2025,33.84,,304326,0.0
KSA00248,2025-07-06,Hubballi,North Karnataka,Smartwatch,11,10055,0,110605,0.0,110605.0,88635.62,21969.38,Online,Small Business,July,7,Q3,2025,19.86,,110605,0.0
KSA00249,2025-08-30,Tumakuru,South Karnataka,Keyboard,7,2255,5,15785,789.25,14995.75,11008.52,3987.23,Distributor,Individual,August,8,Q3,2025,26.59,,15785,124583.1125
KSA00250,2025-06-08,Tumakuru,South Karnataka,Monitor,8,11748,20,93984,18796.8,75187.2,50072.14,25115.06,Online,Medium Business,June,6,Q2,2025,33.4,,93984,17665984.512
KSA00251,2025-09-23,Raichur,Kalyana Karnataka,Monitor,19,26604,10,505476,50547.6,454928.4,319182.32,135746.08,Corporate,Medium Business,September,9,Q3,2025,29.84,,505476,255505986.576
KSA00252,2025-11-26,Udupi,Coastal Karnataka,Smartphone,20,16182,10,323640,32364.0,291276.0,188505.76,102770.24,Corporate,Medium Business,November,11,Q4,2025,35.28,,323640,104742849.6
KSA00253,2025-09-08,Belagavi,North Karnataka,Monitor,16,29584,5,473344,23667.2,449676.8,302817.87,146858.93,Distributor,Medium Business,September,9,Q3,2025,32.66,,473344,112027271.168
KSA00254,2025-02-23,Mangaluru,Coastal Karnataka,Laptop,3,66817,15,200451,30067.65,170383.35,103319.16,67064.19,Distributor,Medium Business,February,2,Q1,2025,39.36,,200451,60270905.1015
KSA00255,2025-07-19,Hassan,South Karnataka,Keyboard,12,1221,15,14652,2197.8,12454.2,7901.1,4553.1,Retail Store,Small Business,July,7,Q3,2025,36.56,,14652,322021.656
KSA00256,2025-12-19,Kolar,South Karnataka,Monitor,10,27907,5,279070,13953.5,265116.5,160640.84,104475.66,Online,Small Business,December,12,Q4,2025,39.41,,279070,38940032.45
KSA00257,2026-01-15,Bengaluru,South Karnataka,Printer,16,10064,5,161024,8051.2,152972.8,118438.34,34534.46,Retail Store,Small Business,January,1,Q1,2026,22.58,,161024,12964364.288
KSA00258,2025-08-06,Raichur,Kalyana Karnataka,Smartphone,16,29347,10,469552,46955.2,422596.8,275240.03,147356.77,Online,Small Business,August,8,Q3,2025,34.87,,469552,220479080.704
KSA00259,2026-04-01,Davangere,Central Karnataka,Smartwatch,3,7273,0,21819,0.0,21819.0,15574.36,6244.64,Online,Enterprise,April,4,Q2,2026,28.62,,21819,0.0
KSA00260,2026-01-02,Mysuru,South Karnataka,Desktop PC,1,65735,15,65735,9860.25,55874.75,44624.09,11250.66,Retail Store,Medium Business,January,1,Q1,2026,20.14,,65735,6481635.3375
KSA00261,2026-03-30,Bidar,Kalyana Karnataka,Printer,13,9095,10,118235,11823.5,106411.5,78424.4,27987.1,Distributor,Individual,March,3,Q1,2026,26.3,,118235,13979515.225
KSA00262,2025-06-28,Ballari,Kalyana Karnataka,Headphones,5,1645,0,8225,0.0,8225.0,6197.13,2027.87,Retail Store,Individual,June,6,Q2,2025,24.65,,8225,0.0
KSA00263,2025-11-23,Ballari,Kalyana Karnataka,Smartphone,14,35644,5,499016,24950.8,474065.2,284682.48,189382.72,Corporate,Medium Business,November,11,Q4,2025,39.95,,499016,124508484.128
KSA00264,2026-06-05,Kodagu,Malnad Karnataka,Headphones,17,1280,0,21760,0.0,21760.0,16511.83,5248.17,Distributor,Individual,June,6,Q2,2026,24.12,,21760,0.0
KSA00265,2025-04-17,Mandya,South Karnataka,Smartwatch,16,13870,0,221920,0.0,221920.0,188558.68,33361.32,Corporate,Enterprise,April,4,Q2,2025,15.03,,221920,0.0
KSA00266,2025-06-20,Tumakuru,South Karnataka,Keyboard,13,2055,0,26715,0.0,26715.0,19363.11,7351.89,Distributor,Individual,June,6,Q2,2025,27.52,,26715,0.0
KSA00267,2025-09-15,Raichur,Kalyana Karnataka,Smartphone,20,33573,10,671460,67146.0,604314.0,413634.84,190679.16,Retail Store,Enterprise,September,9,Q3,2025,31.55,,671460,450858531.6
KSA00268,2025-04-13,Hassan,South Karnataka,Headphones,18,3442,10,61956,6195.6,55760.4,41509.49,14250.91,Retail Store,Medium Business,April,4,Q2,2025,25.56,,61956,3838545.936
KSA00269,2025-10-01,Hassan,South Karnataka,Laptop,4,68678,10,274712,27471.2,247240.8,165438.45,81802.35,Distributor,Enterprise,October,10,Q4,2025,33.09,,274712,75466682.944
KSA00270,2025-03-28,Bidar,Kalyana Karnataka,Monitor,13,24356,10,316628,31662.8,284965.2,215319.04,69646.16,Distributor,Small Business,March,3,Q1,2025,24.44,,316628,100253290.384
KSA00271,2025-05-12,Belagavi,North Karnataka,Headphones,17,2647,15,44999,6749.85,38249.15,30039.72,8209.43,Online,Medium Business,May,5,Q2,2025,21.46,,44999,3037365.0015
KSA00272,2025-02-04,Shivamogga,Malnad Karnataka,Tablet,6,27021,15,162126,24318.9,137807.1,85959.38,51847.72,Corporate,Medium Business,February,2,Q1,2025,37.62,,162126,39427259.814
KSA00273,2025-12-24,Hubballi,North Karnataka,Tablet,3,32790,15,98370,14755.5,83614.5,54721.2,28893.3,Distributor,Individual,December,12,Q4,2025,34.56,,98370,14514985.35
KSA00274,2025-08-23,Bengaluru,South Karnataka,Monitor,3,9989,15,29967,4495.05,25471.95,18868.09,6603.86,Retail Store,Small Business,August,8,Q3,2025,25.93,,29967,1347031.6335
KSA00275,2025-02-25,Belagavi,North Karnataka,Headphones,15,7570,0,113550,0.0,113550.0,75291.79,38258.21,Retail Store,Medium Business,February,2,Q1,2025,33.69,,113550,0.0
KSA00276,2026-03-10,Hassan,South Karnataka,Monitor,18,20335,10,366030,36603.0,329427.0,224336.52,105090.48,Retail Store,Enterprise,March,3,Q1,2026,31.9,,366030,133977960.9
KSA00277,2025-10-28,Vijayapura,North Karnataka,Keyboard,15,2969,0,44535,0.0,44535.0,34537.38,9997.62,Retail Store,Enterprise,October,10,Q4,2025,22.45,,44535,0.0
KSA00278,2025-05-10,Hubballi,North Karnataka,Printer,7,7996,0,55972,0.0,55972.0,35294.69,20677.31,Online,Small Business,May,5,Q2,2025,36.94,,55972,0.0
KSA00279,2026-03-27,Mysuru,South Karnataka,Camera,10,86686,10,866860,86686.0,780174.0,645257.62,134916.38,Distributor,Individual,March,3,Q1,2026,17.29,,866860,751446259.6
KSA00280,2026-02-02,Kodagu,Malnad Karnataka,Tablet,11,32530,15,357830,53674.5,304155.5,218052.92,86102.58,Retail Store,Individual,February,2,Q1,2026,28.31,,357830,192063463.35
KSA00281,2026-01-12,Raichur,Kalyana Karnataka,Monitor,18,27657,15,497826,74673.9,423152.1,347741.63,75410.47,Distributor,Medium Business,January,1,Q1,2026,17.82,,497826,371746089.414
KSA00282,2025-03-31,Bidar,Kalyana Karnataka,Tablet,6,19093,10,114558,11455.8,103102.2,72014.8,31087.4,Corporate,Small Business,March,3,Q1,2025,30.15,,114558,13123535.364
KSA00283,2026-04-24,Kalaburagi,Kalyana Karnataka,Tablet,20,31170,5,623400,31170.0,592230.0,436446.51,155783.49,Corporate,Individual,April,4,Q2,2026,26.3,,623400,194313780.0
KSA00284,2025-08-04,Belagavi,North Karnataka,Laptop,2,50588,0,101176,0.0,101176.0,78381.18,22794.82,Distributor,Enterprise,August,8,Q3,2025,22.53,,101176,0.0
KSA00285,2026-04-07,Vijayapura,North Karnataka,Monitor,8,9467,10,75736,7573.6,68162.4,43445.76,24716.64,Distributor,Enterprise,April,4,Q2,2026,36.26,,75736,5735941.696
KSA00286,2026-05-30,Kolar,South Karnataka,Laptop,6,65860,0,395160,0.0,395160.0,262415.87,132744.13,Distributor,Enterprise,May,5,Q2,2026,33.59,,395160,0.0
KSA00287,2025-01-10,Vijayapura,North Karnataka,Tablet,10,18971,5,189710,9485.5,180224.5,140414.83,39809.67,Distributor,Small Business,January,1,Q1,2025,22.09,,189710,17994942.05
KSA00288,2025-07-16,Udupi,Coastal Karnataka,Smartphone,17,31368,15,533256,79988.4,453267.6,283580.77,169686.83,Corporate,Enterprise,July,7,Q3,2025,37.44,,533256,426542942.304
KSA00289,2025-08-30,Dharwad,North Karnataka,Headphones,16,2783,0,44528,0.0,44528.0,36246.23,8281.77,Online,Medium Business,August,8,Q3,2025,18.6,,44528,0.0
KSA00290,2025-11-17,Hassan,South Karnataka,Desktop PC,6,60972,10,365832,36583.2,329248.8,236003.34,93245.46,Distributor,Enterprise,November,11,Q4,2025,28.32,,365832,133833052.224
KSA00291,2026-01-22,Udupi,Coastal Karnataka,Tablet,3,32624,0,97872,0.0,97872.0,81479.79,16392.21,Corporate,Individual,January,1,Q1,2026,16.75,,97872,0.0
KSA00292,2025-12-06,Dharwad,North Karnataka,Smartphone,16,43588,15,697408,104611.2,592796.8,380295.03,212501.77,Online,Individual,December,12,Q4,2025,35.85,,697408,729566877.696
KSA00293,2025-07-23,Vijayapura,North Karnataka,Printer,15,10091,10,151365,15136.5,136228.5,88771.03,47457.47,Online,Small Business,July,7,Q3,2025,34.84,,151365,22911363.225
KSA00294,2026-05-10,Mysuru,South Karnataka,Printer,17,17678,10,300526,30052.6,270473.4,226504.14,43969.26,Corporate,Small Business,May,5,Q2,2026,16.26,,300526,90315876.676
KSA00295,2026-02-03,Belagavi,North Karnataka,Tablet,9,17161,15,154449,23167.35,131281.65,99637.52,31644.13,Retail Store,Enterprise,February,2,Q1,2026,24.1,,154449,35781740.4015
KSA00296,2025-11-16,Vijayapura,North Karnataka,Desktop PC,9,36478,5,328302,16415.1,311886.9,214626.2,97260.7,Retail Store,Small Business,November,11,Q4,2025,31.18,,328302,53891101.602
KSA00297,2025-04-26,Vijayapura,North Karnataka,Smartphone,6,23586,10,141516,14151.6,127364.4,101866.32,25498.08,Online,Medium Business,April,4,Q2,2025,20.02,,141516,20026778.256
KSA00298,2025-04-17,Raichur,Kalyana Karnataka,Smartphone,7,17168,10,120176,12017.6,108158.4,66961.15,41197.25,Corporate,Small Business,April,4,Q2,2025,38.09,,120176,14442270.976
KSA00299,2025-05-08,Bengaluru,South Karnataka,Laptop,8,54476,0,435808,0.0,435808.0,305185.45,130622.55,Distributor,Medium Business,May,5,Q2,2025,29.97,,435808,0.0
KSA00300,2026-05-01,Chitradurga,Central Karnataka,Tablet,6,20594,5,123564,6178.2,117385.8,79390.71,37995.09,Online,Individual,May,5,Q2,2026,32.37,,123564,7634031.048
KSA00301,2025-05-05,Bidar,Kalyana Karnataka,Monitor,9,17279,5,155511,7775.55,147735.45,112985.8,34749.65,Corporate,Medium Business,May,5,Q2,2025,23.52,,155511,12091835.5605
KSA00302,2025-01-01,Kalaburagi,Kalyana Karnataka,Keyboard,10,1173,0,11730,0.0,11730.0,9781.99,1948.01,Retail Store,Medium Business,January,1,Q1,2025,16.61,,11730,0.0
KSA00303,2026-05-04,Mangaluru,Coastal Karnataka,Printer,18,19754,5,355572,17778.6,337793.4,236389.18,101404.22,Retail Store,Individual,May,5,Q2,2026,30.02,,355572,63215723.592
KSA00304,2026-05-23,Davangere,Central Karnataka,Laptop,17,71724,5,1219308,60965.4,1158342.6,824108.75,334233.85,Online,Small Business,May,5,Q2,2026,28.85,,1219308,743355999.432
KSA00305,2025-01-22,Shivamogga,Malnad Karnataka,Monitor,6,21363,0,128178,0.0,128178.0,87767.52,40410.48,Online,Medium Business,January,1,Q1,2025,31.53,,128178,0.0
KSA00306,2025-10-07,Vijayapura,North Karnataka,Smartwatch,12,11142,0,133704,0.0,133704.0,107464.99,26239.01,Online,Individual,October,10,Q4,2025,19.62,,133704,0.0
KSA00307,2026-03-02,Tumakuru,South Karnataka,Smartwatch,15,3037,0,45555,0.0,45555.0,29525.97,16029.03,Corporate,Small Business,March,3,Q1,2026,35.19,,45555,0.0
KSA00308,2026-04-02,Hubballi,North Karnataka,Headphones,1,7610,15,7610,1141.5,6468.5,4187.25,2281.25,Corporate,Enterprise,April,4,Q2,2026,35.27,,7610,86868.15
KSA00309,2025-09-26,Mangaluru,Coastal Karnataka,Headphones,16,4268,5,68288,3414.4,64873.6,41832.08,23041.52,Distributor,Medium Business,September,9,Q3,2025,35.52,,68288,2331625.472
KSA00310,2026-06-23,Kolar,South Karnataka,Desktop PC,15,61553,10,923295,92329.5,830965.5,665627.03,165338.47,Online,Individual,June,6,Q2,2026,19.9,,923295,852473657.025
KSA00311,2026-06-24,Kodagu,Malnad Karnataka,Printer,6,7473,0,44838,0.0,44838.0,36845.99,7992.01,Online,Small Business,June,6,Q2,2026,17.82,,44838,0.0
KSA00312,2025-09-15,Shivamogga,Malnad Karnataka,Headphones,2,3220,15,6440,966.0,5474.0,4170.06,1303.94,Corporate,Small Business,September,9,Q3,2025,23.82,,6440,62210.4
KSA00313,2025-12-12,Hassan,South Karnataka,Tablet,1,28308,0,28308,0.0,28308.0,21186.43,7121.57,Distributor,Individual,December,12,Q4,2025,25.16,,28308,0.0
KSA00314,2026-05-28,Hubballi,North Karnataka,Smartphone,3,19169,15,57507,8626.05,48880.95,32142.86,16738.09,Distributor,Enterprise,May,5,Q2,2026,34.24,,57507,4960582.5735
KSA00315,2025-04-09,Bidar,Kalyana Karnataka,Desktop PC,2,47951,10,95902,9590.2,86311.8,57325.73,28986.07,Online,Medium Business,April,4,Q2,2025,33.58,,95902,9197193.604
KSA00316,2025-08-31,Bidar,Kalyana Karnataka,Printer,2,13133,15,26266,3939.9,22326.1,13712.16,8613.94,Online,Individual,August,8,Q3,2025,38.58,,26266,1034854.134
KSA00317,2025-08-11,Udupi,Coastal Karnataka,Monitor,13,13492,0,175396,0.0,175396.0,112406.79,62989.21,Corporate,Medium Business,August,8,Q3,2025,35.91,,175396,0.0
KSA00318,2025-09-30,Chitradurga,Central Karnataka,Laptop,19,67422,15,1281018,192152.7,1088865.3,783943.73,304921.57,Distributor,Small Business,September,9,Q3,2025,28.0,,1281018,2461510674.486
KSA00319,2026-04-28,Ballari,Kalyana Karnataka,Tablet,19,16767,15,318573,47785.95,270787.05,216083.5,54703.55,Retail Store,Individual,April,4,Q2,2026,20.2,,318573,152233134.4935
KSA00320,2026-04-06,Davangere,Central Karnataka,Smartphone,1,43576,0,43576,0.0,43576.0,33644.35,9931.65,Distributor,Small Business,April,4,Q2,2026,22.79,,43576,0.0
KSA00321,2025-09-29,Mysuru,South Karnataka,Laptop,20,56198,0,1123960,0.0,1123960.0,674603.07,449356.93,Retail Store,Small Business,September,9,Q3,2025,39.98,,1123960,0.0
KSA00322,2025-05-31,Udupi,Coastal Karnataka,Laptop,19,48189,10,915591,91559.1,824031.9,608724.53,215307.37,Corporate,Medium Business,May,5,Q2,2025,26.13,,915591,838306879.281
KSA00323,2025-03-19,Mysuru,South Karnataka,Smartphone,20,24745,0,494900,0.0,494900.0,416521.14,78378.86,Retail Store,Enterprise,March,3,Q1,2025,15.84,,494900,0.0
KSA00324,2025-01-01,Belagavi,North Karnataka,Tablet,8,24717,10,197736,19773.6,177962.4,145756.14,32206.26,Online,Individual,January,1,Q1,2025,18.1,,197736,39099525.696
KSA00325,2026-05-15,Belagavi,North Karnataka,Smartphone,8,34009,5,272072,13603.6,258468.4,182190.01,76278.39,Retail Store,Medium Business,May,5,Q2,2026,29.51,,272072,37011586.592
KSA00326,2025-03-08,Hassan,South Karnataka,Camera,15,57676,0,865140,0.0,865140.0,706727.61,158412.39,Online,Enterprise,March,3,Q1,2025,18.31,,865140,0.0
KSA00327,2025-09-25,Mandya,South Karnataka,Camera,15,74968,10,1124520,112452.0,1012068.0,610800.66,401267.34,Distributor,Medium Business,September,9,Q3,2025,39.65,,1124520,1264545230.4
KSA00328,2026-01-10,Hassan,South Karnataka,Smartphone,14,44019,5,616266,30813.3,585452.7,353587.17,231865.53,Corporate,Medium Business,January,1,Q1,2026,39.6,,616266,189891891.378
KSA00329,2025-03-22,Kolar,South Karnataka,Headphones,10,3279,0,32790,0.0,32790.0,22185.67,10604.33,Distributor,Medium Business,March,3,Q1,2025,32.34,,32790,0.0
KSA00330,2025-10-20,Udupi,Coastal Karnataka,Keyboard,12,874,15,10488,1573.2,8914.8,6816.34,2098.46,Distributor,Small Business,October,10,Q4,2025,23.54,,10488,164997.216
KSA00331,2025-10-20,Kodagu,Malnad Karnataka,Tablet,1,20849,15,20849,3127.35,17721.65,14270.2,3451.45,Online,Individual,October,10,Q4,2025,19.48,,20849,652021.2015
KSA00332,2026-06-18,Raichur,Kalyana Karnataka,Monitor,17,10030,15,170510,25576.5,144933.5,90797.62,54135.88,Online,Medium Business,June,6,Q2,2026,37.35,,170510,43610490.15
KSA00333,2025-09-10,Dharwad,North Karnataka,Smartphone,6,23005,10,138030,13803.0,124227.0,88737.4,35489.6,Distributor,Small Business,September,9,Q3,2025,28.57,,138030,19052280.9
KSA00334,2025-09-14,Bengaluru,South Karnataka,Laptop,20,53155,0,1063100,0.0,1063100.0,824997.12,238102.88,Corporate,Individual,September,9,Q3,2025,22.4,,1063100,0.0
KSA00335,2026-01-26,Kodagu,Malnad Karnataka,Camera,12,86479,10,1037748,103774.8,933973.2,766681.98,167291.22,Online,Enterprise,January,1,Q1,2026,17.91,,1037748,1076920911.504
KSA00336,2025-07-01,Mandya,South Karnataka,Tablet,11,19381,5,213191,10659.55,202531.45,126052.66,76478.79,Retail Store,Small Business,July,7,Q3,2025,37.76,,213191,22725201.2405
KSA00337,2025-06-29,Kalaburagi,Kalyana Karnataka,Desktop PC,16,43519,5,696304,34815.2,661488.8,467880.95,193607.85,Corporate,Enterprise,June,6,Q2,2025,29.27,,696304,242419630.208
KSA00338,2025-03-12,Hubballi,North Karnataka,Smartphone,13,26654,10,346502,34650.2,311851.8,195954.27,115897.53,Corporate,Enterprise,March,3,Q1,2025,37.16,,346502,120063636.004
KSA00339,2025-02-28,Kolar,South Karnataka,Tablet,15,18116,0,271740,0.0,271740.0,193483.89,78256.11,Retail Store,Medium Business,February,2,Q1,2025,28.8,,271740,0.0
KSA00340,2025-03-31,Mandya,South Karnataka,Keyboard,16,1674,10,26784,2678.4,24105.6,17725.59,6380.01,Retail Store,Individual,March,3,Q1,2025,26.47,,26784,717382.656
KSA00341,2025-04-15,Hubballi,North Karnataka,Desktop PC,12,40952,0,491424,0.0,491424.0,334143.44,157280.56,Distributor,Enterprise,April,4,Q2,2025,32.01,,491424,0.0
KSA00342,2026-03-14,Chitradurga,Central Karnataka,Smartwatch,15,12113,15,181695,27254.25,154440.75,94333.24,60107.51,Retail Store,Small Business,March,3,Q1,2026,38.92,,181695,49519609.5375
KSA00343,2025-01-29,Udupi,Coastal Karnataka,Camera,10,48116,15,481160,72174.0,408986.0,265850.07,143135.93,Retail Store,Medium Business,January,1,Q1,2025,35.0,,481160,347272418.4
KSA00344,2025-02-14,Ballari,Kalyana Karnataka,Keyboard,1,1251,10,1251,125.1,1125.9,717.79,408.11,Retail Store,Small Business,February,2,Q1,2025,36.25,,1251,1565.001
KSA00345,2025-02-05,Hassan,South Karnataka,Desktop PC,6,64134,15,384804,57720.6,327083.4,275655.12,51428.28,Retail Store,Small Business,February,2,Q1,2025,15.72,,384804,222111177.624
KSA00346,2025-10-09,Mandya,South Karnataka,Smartphone,6,21631,15,129786,19467.9,110318.1,67767.74,42550.36,Distributor,Individual,October,10,Q4,2025,38.57,,129786,25266608.694
KSA00347,2025-08-05,Dharwad,North Karnataka,Laptop,17,51095,10,868615,86861.5,781753.5,636923.28,144830.22,Distributor,Enterprise,August,8,Q3,2025,18.53,,868615,754492018.225
KSA00348,2025-04-13,Bengaluru,South Karnataka,Smartphone,13,27399,10,356187,35618.7,320568.3,199320.15,121248.15,Online,Small Business,April,4,Q2,2025,37.82,,356187,126869178.969
KSA00349,2026-03-17,Mysuru,South Karnataka,Keyboard,16,2817,15,45072,6760.8,38311.2,28129.24,10181.96,Online,Small Business,March,3,Q1,2026,26.58,,45072,3047227.776
KSA00350,2025-06-10,Belagavi,North Karnataka,Laptop,4,68985,5,275940,13797.0,262143.0,158228.99,103914.01,Corporate,Medium Business,June,6,Q2,2025,39.64,,275940,38071441.8
KSA00351,2025-04-25,Belagavi,North Karnataka,Printer,11,10874,10,119614,11961.4,107652.6,72860.73,34791.87,Online,Small Business,April,4,Q2,2025,32.32,,119614,14307508.996
KSA00352,2025-08-02,Davangere,Central Karnataka,Tablet,14,20389,10,285446,28544.6,256901.4,175621.34,81280.06,Corporate,Medium Business,August,8,Q3,2025,31.64,,285446,81479418.916
KSA00353,2026-03-21,Belagavi,North Karnataka,Printer,4,14640,10,58560,5856.0,52704.0,41032.67,11671.33,Corporate,Enterprise,March,3,Q1,2026,22.15,,58560,3429273.6
KSA00354,2025-12-03,Hassan,South Karnataka,Smartwatch,10,12266,10,122660,12266.0,110394.0,83448.84,26945.16,Distributor,Enterprise,December,12,Q4,2025,24.41,,122660,15045475.6
KSA00355,2025-11-10,Shivamogga,Malnad Karnataka,Tablet,4,20478,15,81912,12286.8,69625.2,47163.97,22461.23,Retail Store,Enterprise,November,11,Q4,2025,32.26,,81912,10064363.616
KSA00356,2025-02-07,Kalaburagi,Kalyana Karnataka,Laptop,19,69150,5,1313850,65692.5,1248157.5,1033011.77,215145.73,Distributor,Small Business,February,2,Q1,2025,17.24,,1313850,863100911.25
KSA00357,2025-09-12,Bidar,Kalyana Karnataka,Tablet,20,19586,15,391720,58758.0,332962.0,275474.79,57487.21,Corporate,Small Business,September,9,Q3,2025,17.27,,391720,230166837.6
KSA00358,2025-08-17,Bengaluru,South Karnataka,Laptop,17,71616,10,1217472,121747.2,1095724.8,926926.86,168797.94,Online,Small Business,August,8,Q3,2025,15.41,,1217472,1482238070.784
KSA00359,2025-10-14,Bidar,Kalyana Karnataka,Smartphone,10,38124,10,381240,38124.0,343116.0,206732.45,136383.55,Online,Enterprise,October,10,Q4,2025,39.75,,381240,145343937.6
KSA00360,2025-05-18,Chitradurga,Central Karnataka,Tablet,11,34106,5,375166,18758.3,356407.7,221733.92,134673.78,Distributor,Individual,May,5,Q2,2025,37.79,,375166,70374763.778
KSA00361,2026-03-06,Mangaluru,Coastal Karnataka,Laptop,9,71438,10,642942,64294.2,578647.8,421400.81,157246.99,Corporate,Medium Business,March,3,Q1,2026,27.17,,642942,413374415.364
KSA00362,2025-08-30,Davangere,Central Karnataka,Headphones,15,3684,10,55260,5526.0,49734.0,38118.08,11615.92,Distributor,Medium Business,August,8,Q3,2025,23.36,,55260,3053667.6
KSA00363,2025-01-01,Mangaluru,Coastal Karnataka,Smartwatch,20,4647,5,92940,4647.0,88293.0,67521.27,20771.73,Online,Small Business,January,1,Q1,2025,23.53,,92940,4318921.8
KSA00364,2026-02-09,Davangere,Central Karnataka,Desktop PC,10,61699,15,616990,92548.5,524441.5,429896.09,94545.41,Online,Small Business,February,2,Q1,2026,18.03,,616990,571014990.15
KSA00365,2026-01-18,Chitradurga,Central Karnataka,Desktop PC,18,54489,5,980802,49040.1,931761.9,634073.4,297688.5,Retail Store,Medium Business,January,1,Q1,2026,31.95,,980802,480986281.602
KSA00366,2025-10-10,Hubballi,North Karnataka,Smartphone,18,32761,0,589698,0.0,589698.0,436172.34,153525.66,Retail Store,Small Business,October,10,Q4,2025,26.03,,589698,0.0
KSA00367,2025-09-26,Raichur,Kalyana Karnataka,Headphones,11,1730,15,19030,2854.5,16175.5,10629.2,5546.3,Retail Store,Individual,September,9,Q3,2025,34.29,,19030,543211.35
KSA00368,2026-06-22,Raichur,Kalyana Karnataka,Monitor,7,9276,10,64932,6493.2,58438.8,39168.71,19270.09,Online,Individual,June,6,Q2,2026,32.97,,64932,4216164.624
KSA00369,2026-03-02,Davangere,Central Karnataka,Keyboard,12,1799,10,21588,2158.8,19429.2,14857.15,4572.05,Online,Enterprise,March,3,Q1,2026,23.53,,21588,466041.744
KSA00370,2026-02-07,Hubballi,North Karnataka,Monitor,11,21707,10,238777,23877.7,214899.3,164177.72,50721.58,Distributor,Small Business,February,2,Q1,2026,23.6,,238777,57014455.729
KSA00371,2025-03-29,Hassan,South Karnataka,Desktop PC,5,43694,0,218470,0.0,218470.0,137589.17,80880.83,Distributor,Medium Business,March,3,Q1,2025,37.02,,218470,0.0
KSA00372,2026-06-04,Belagavi,North Karnataka,Camera,16,50992,10,815872,81587.2,734284.8,490686.33,243598.47,Online,Enterprise,June,6,Q2,2026,33.17,,815872,665647120.384
KSA00373,2025-09-17,Kolar,South Karnataka,Smartphone,15,32932,0,493980,0.0,493980.0,402710.23,91269.77,Distributor,Individual,September,9,Q3,2025,18.48,,493980,0.0
KSA00374,2025-08-04,Belagavi,North Karnataka,Desktop PC,10,69670,15,696700,104505.0,592195.0,448982.92,143212.08,Retail Store,Individual,August,8,Q3,2025,24.18,,696700,728086335.0
KSA00375,2026-03-31,Tumakuru,South Karnataka,Laptop,4,51327,10,205308,20530.8,184777.2,156924.57,27852.63,Retail Store,Small Business,March,3,Q1,2026,15.07,,205308,42151374.864
KSA00376,2025-06-04,Hassan,South Karnataka,Smartphone,18,24778,10,446004,44600.4,401403.6,309164.31,92239.29,Distributor,Small Business,June,6,Q2,2025,22.98,,446004,198919568.016
KSA00377,2025-05-18,Tumakuru,South Karnataka,Monitor,9,9740,5,87660,4383.0,83277.0,54146.76,29130.24,Retail Store,Individual,May,5,Q2,2025,34.98,,87660,3842137.8
KSA00378,2025-05-03,Kodagu,Malnad Karnataka,Keyboard,7,1549,0,10843,0.0,10843.0,7739.9,3103.1,Retail Store,Medium Business,May,5,Q2,2025,28.62,,10843,0.0
KSA00379,2025-09-13,Ballari,Kalyana Karnataka,Smartphone,6,28391,5,170346,8517.3,161828.7,110148.73,51679.97,Corporate,Small Business,September,9,Q3,2025,31.93,,170346,14508879.858
KSA00380,2025-10-20,Mandya,South Karnataka,Keyboard,16,1707,5,27312,1365.6,25946.4,19477.35,6469.05,Retail Store,Enterprise,October,10,Q4,2025,24.93,,27312,372972.672
KSA00381,2025-02-02,Kodagu,Malnad Karnataka,Smartwatch,16,12169,0,194704,0.0,194704.0,147854.59,46849.41,Distributor,Small Business,February,2,Q1,2025,24.06,,194704,0.0
KSA00382,2025-04-03,Shivamogga,Malnad Karnataka,Monitor,19,26356,10,500764,50076.4,450687.6,348559.16,102128.44,Corporate,Small Business,April,4,Q2,2025,22.66,,500764,250764583.696
KSA00383,2025-06-11,Vijayapura,North Karnataka,Tablet,3,15232,5,45696,2284.8,43411.2,29955.34,13455.86,Retail Store,Small Business,June,6,Q2,2025,31.0,,45696,1044062.208
KSA00384,2025-04-10,Tumakuru,South Karnataka,Tablet,6,16717,15,100302,15045.3,85256.7,59512.75,25743.95,Distributor,Medium Business,April,4,Q2,2025,30.2,,100302,15090736.806
KSA00385,2025-10-21,Ballari,Kalyana Karnataka,Smartphone,7,31034,0,217238,0.0,217238.0,143001.31,74236.69,Online,Enterprise,October,10,Q4,2025,34.17,,217238,0.0
KSA00386,2025-09-30,Mangaluru,Coastal Karnataka,Monitor,19,29802,10,566238,56623.8,509614.2,316507.14,193107.06,Retail Store,Individual,September,9,Q3,2025,37.89,,566238,320625472.644
KSA00387,2026-05-29,Raichur,Kalyana Karnataka,Headphones,11,1039,5,11429,571.45,10857.55,8526.29,2331.26,Distributor,Enterprise,May,5,Q2,2026,21.47,,11429,65311.0205
KSA00388,2026-03-19,Chitradurga,Central Karnataka,Camera,13,62646,20,814398,162879.6,651518.4,490964.65,160553.75,Distributor,Medium Business,March,3,Q1,2026,24.64,,814398,1326488204.808
KSA00389,2025-05-27,Tumakuru,South Karnataka,Laptop,2,51792,10,103584,10358.4,93225.6,78566.38,14659.22,Distributor,Individual,May,5,Q2,2025,15.72,,103584,10729645.056
KSA00390,2025-06-08,Raichur,Kalyana Karnataka,Smartwatch,13,7241,15,94133,14119.95,80013.05,67519.98,12493.07,Corporate,Small Business,June,6,Q2,2025,15.61,,94133,13291532.5335
KSA00391,2025-03-15,Hassan,South Karnataka,Printer,11,7776,0,85536,0.0,85536.0,68749.49,16786.51,Online,Enterprise,March,3,Q1,2025,19.63,,85536,0.0
KSA00392,2026-06-09,Bengaluru,South Karnataka,Smartphone,20,15325,0,306500,0.0,306500.0,190518.31,115981.69,Retail Store,Individual,June,6,Q2,2026,37.84,,306500,0.0
KSA00393,2026-04-15,Belagavi,North Karnataka,Printer,19,10378,10,197182,19718.2,177463.8,124040.91,53422.89,Retail Store,Small Business,April,4,Q2,2026,30.1,,197182,38880741.124
KSA00394,2025-03-02,Shivamogga,Malnad Karnataka,Monitor,11,13898,0,152878,0.0,152878.0,100904.58,51973.42,Retail Store,Individual,March,3,Q1,2025,34.0,,152878,0.0
KSA00395,2025-03-07,Shivamogga,Malnad Karnataka,Headphones,7,2304,0,16128,0.0,16128.0,10815.29,5312.71,Online,Small Business,March,3,Q1,2025,32.94,,16128,0.0
KSA00396,2026-03-10,Davangere,Central Karnataka,Keyboard,4,2826,20,11304,2260.8,9043.2,5853.06,3190.14,Retail Store,Medium Business,March,3,Q1,2026,35.28,,11304,255560.832
KSA00397,2026-02-28,Hubballi,North Karnataka,Monitor,15,23348,5,350220,17511.0,332709.0,274271.27,58437.73,Corporate,Enterprise,February,2,Q1,2026,17.56,,350220,61327024.2
KSA00398,2025-06-29,Kodagu,Malnad Karnataka,Headphones,20,7577,0,151540,0.0,151540.0,120572.42,30967.58,Distributor,Medium Business,June,6,Q2,2025,20.44,,151540,0.0
KSA00399,2026-03-18,Ballari,Kalyana Karnataka,Keyboard,12,2503,0,30036,0.0,30036.0,20378.86,9657.14,Online,Medium Business,March,3,Q1,2026,32.15,,30036,0.0
KSA00400,2025-10-15,Tumakuru,South Karnataka,Keyboard,18,1666,15,29988,4498.2,25489.8,19268.91,6220.89,Distributor,Small Business,October,10,Q4,2025,24.41,,29988,1348920.216
KSA00401,2025-11-05,Chitradurga,Central Karnataka,Printer,4,12144,0,48576,0.0,48576.0,40365.81,8210.19,Online,Enterprise,November,11,Q4,2025,16.9,,48576,0.0
KSA00402,2025-06-21,Tumakuru,South Karnataka,Printer,11,15661,0,172271,0.0,172271.0,128159.71,44111.29,Corporate,Small Business,June,6,Q2,2025,25.61,,172271,0.0
KSA00403,2025-08-28,Tumakuru,South Karnataka,Printer,8,8552,15,68416,10262.4,58153.6,49086.8,9066.8,Corporate,Enterprise,August,8,Q3,2025,15.59,,68416,7021123.584
KSA00404,2025-02-23,Ballari,Kalyana Karnataka,Laptop,20,71943,10,1438860,143886.0,1294974.0,999482.5,295491.5,Corporate,Small Business,February,2,Q1,2025,22.82,,1438860,2070318099.6
KSA00405,2026-01-20,Davangere,Central Karnataka,Headphones,6,1692,5,10152,507.6,9644.4,7740.68,1903.72,Corporate,Individual,January,1,Q1,2026,19.74,,10152,51531.552
KSA00406,2026-05-26,Kodagu,Malnad Karnataka,Tablet,16,32572,10,521152,52115.2,469036.8,379384.32,89652.48,Retail Store,Individual,May,5,Q2,2026,19.11,,521152,271599407.104
KSA00407,2025-12-02,Mangaluru,Coastal Karnataka,Laptop,1,67020,5,67020,3351.0,63669.0,46768.7,16900.3,Online,Individual,December,12,Q4,2025,26.54,,67020,2245840.2
KSA00408,2025-07-19,Hubballi,North Karnataka,Smartphone,8,31823,0,254584,0.0,254584.0,164576.61,90007.39,Distributor,Enterprise,July,7,Q3,2025,35.35,,254584,0.0
KSA00409,2025-01-07,Vijayapura,North Karnataka,Headphones,2,4914,10,9828,982.8,8845.2,7486.92,1358.28,Online,Medium Business,January,1,Q1,2025,15.36,,9828,96589.584
KSA00410,2025-03-01,Ballari,Kalyana Karnataka,Camera,9,63708,5,573372,28668.6,544703.4,462764.71,81938.69,Distributor,Medium Business,March,3,Q1,2025,15.04,,573372,164377725.192
KSA00411,2025-01-03,Kodagu,Malnad Karnataka,Desktop PC,12,52661,20,631932,126386.4,505545.6,413931.56,91614.04,Corporate,Medium Business,January,1,Q1,2025,18.12,,631932,798676105.248
KSA00412,2025-02-26,Ballari,Kalyana Karnataka,Laptop,2,55727,15,111454,16718.1,94735.9,63069.04,31666.86,Distributor,Individual,February,2,Q1,2025,33.43,,111454,18632991.174
KSA00413,2025-06-12,Belagavi,North Karnataka,Printer,10,11311,0,113110,0.0,113110.0,74748.13,38361.87,Retail Store,Enterprise,June,6,Q2,2025,33.92,,113110,0.0
KSA00414,2026-03-23,Hassan,South Karnataka,Smartphone,8,17100,10,136800,13680.0,123120.0,88591.24,34528.76,Online,Small Business,March,3,Q1,2026,28.04,,136800,18714240.0
KSA00415,2025-11-22,Shivamogga,Malnad Karnataka,Printer,1,10364,5,10364,518.2,9845.8,8127.39,1718.41,Distributor,Enterprise,November,11,Q4,2025,17.45,,10364,53706.248
KSA00416,2025-08-23,Kodagu,Malnad Karnataka,Smartwatch,11,5401,10,59411,5941.1,53469.9,32320.34,21149.56,Distributor,Small Business,August,8,Q3,2025,39.55,,59411,3529666.921
KSA00417,2025-06-05,Hubballi,North Karnataka,Desktop PC,1,39550,5,39550,1977.5,37572.5,31224.15,6348.35,Retail Store,Small Business,June,6,Q2,2025,16.9,,39550,782101.25
KSA00418,2026-02-04,Ballari,Kalyana Karnataka,Desktop PC,1,52330,0,52330,0.0,52330.0,37130.18,15199.82,Online,Medium Business,February,2,Q1,2026,29.05,,52330,0.0
KSA00419,2026-03-29,Bengaluru,South Karnataka,Printer,11,14038,5,154418,7720.9,146697.1,100439.26,46257.84,Online,Small Business,March,3,Q1,2026,31.53,,154418,11922459.362
KSA00420,2025-05-14,Kodagu,Malnad Karnataka,Smartphone,19,19890,20,377910,75582.0,302328.0,188722.73,113605.27,Corporate,Medium Business,May,5,Q2,2025,37.58,,377910,285631936.2
KSA00421,2026-06-09,Bengaluru,South Karnataka,Smartphone,2,40912,20,81824,16364.8,65459.2,41793.99,23665.21,Distributor,Enterprise,June,6,Q2,2026,36.15,,81824,13390333.952
KSA00422,2026-05-14,Kalaburagi,Kalyana Karnataka,Printer,10,19581,15,195810,29371.5,166438.5,126746.77,39691.73,Corporate,Small Business,May,5,Q2,2026,23.85,,195810,57512334.15
KSA00423,2025-10-03,Dharwad,North Karnataka,Keyboard,16,2756,10,44096,4409.6,39686.4,28843.41,10842.99,Corporate,Medium Business,October,10,Q4,2025,27.32,,44096,1944457.216
KSA00424,2025-02-10,Mysuru,South Karnataka,Printer,9,9156,10,82404,8240.4,74163.6,54821.17,19342.43,Online,Small Business,February,2,Q1,2025,26.08,,82404,6790419.216
KSA00425,2025-05-05,Shivamogga,Malnad Karnataka,Smartphone,6,18350,5,110100,5505.0,104595.0,66258.02,38336.98,Retail Store,Small Business,May,5,Q2,2025,36.65,,110100,6061005.0
KSA00426,2025-07-07,Shivamogga,Malnad Karnataka,Laptop,19,58958,10,1120202,112020.2,1008181.8,704127.47,304054.33,Retail Store,Medium Business,July,7,Q3,2025,30.16,,1120202,1254852520.804
KSA00427,2025-06-25,Mandya,South Karnataka,Monitor,11,17821,15,196031,29404.65,166626.35,119801.66,46824.69,Corporate,Individual,June,6,Q2,2025,28.1,,196031,57642229.4415
KSA00428,2026-06-16,Tumakuru,South Karnataka,Desktop PC,10,41756,0,417560,0.0,417560.0,352299.77,65260.23,Distributor,Small Business,June,6,Q2,2026,15.63,,417560,0.0
KSA00429,2025-04-06,Mangaluru,Coastal Karnataka,Headphones,11,7503,5,82533,4126.65,78406.35,50999.41,27406.94,Distributor,Individual,April,4,Q2,2025,34.96,,82533,3405848.0445
KSA00430,2025-09-09,Shivamogga,Malnad Karnataka,Smartphone,4,12442,15,49768,7465.2,42302.8,32299.6,10003.2,Retail Store,Medium Business,September,9,Q3,2025,23.65,,49768,3715280.736
KSA00431,2026-06-22,Kodagu,Malnad Karnataka,Tablet,18,25553,5,459954,22997.7,436956.3,273740.16,163216.14,Retail Store,Individual,June,6,Q2,2026,37.35,,459954,105778841.058
KSA00432,2025-02-04,Shivamogga,Malnad Karnataka,Headphones,10,4619,5,46190,2309.5,43880.5,29103.01,14777.49,Distributor,Enterprise,February,2,Q1,2025,33.68,,46190,1066758.05
KSA00433,2025-09-08,Udupi,Coastal Karnataka,Smartphone,20,19184,5,383680,19184.0,364496.0,278038.03,86457.97,Retail Store,Medium Business,September,9,Q3,2025,23.72,,383680,73605171.2
KSA00434,2025-12-27,Vijayapura,North Karnataka,Laptop,20,47573,0,951460,0.0,951460.0,660642.21,290817.79,Retail Store,Enterprise,December,12,Q4,2025,30.57,,951460,0.0
KSA00435,2026-04-03,Belagavi,North Karnataka,Printer,14,8095,15,113330,16999.5,96330.5,64471.08,31859.42,Corporate,Medium Business,April,4,Q2,2026,33.07,,113330,19265533.35
KSA00436,2025-04-06,Vijayapura,North Karnataka,Camera,3,78568,0,235704,0.0,235704.0,174533.13,61170.87,Distributor,Individual,April,4,Q2,2025,25.95,,235704,0.0
KSA00437,2026-04-27,Shivamogga,Malnad Karnataka,Headphones,5,2174,5,10870,543.5,10326.5,7142.65,3183.85,Corporate,Small Business,April,4,Q2,2026,30.83,,10870,59078.45
KSA00438,2026-05-27,Bengaluru,South Karnataka,Headphones,4,6463,0,25852,0.0,25852.0,16281.25,9570.75,Retail Store,Medium Business,May,5,Q2,2026,37.02,,25852,0.0
KSA00439,2025-11-14,Mangaluru,Coastal Karnataka,Smartphone,18,23240,10,418320,41832.0,376488.0,226840.7,149647.3,Online,Small Business,November,11,Q4,2025,39.75,,418320,174991622.4
KSA00440,2025-01-18,Ballari,Kalyana Karnataka,Monitor,13,25076,10,325988,32598.8,293389.2,231014.88,62374.32,Corporate,Enterprise,January,1,Q1,2025,21.26,,325988,106268176.144
KSA00441,2025-02-14,Udupi,Coastal Karnataka,Desktop PC,5,60995,0,304975,0.0,304975.0,229818.04,75156.96,Distributor,Individual,February,2,Q1,2025,24.64,,304975,0.0
KSA00442,2025-11-17,Tumakuru,South Karnataka,Headphones,20,3997,10,79940,7994.0,71946.0,59435.47,12510.53,Online,Enterprise,November,11,Q4,2025,17.39,,79940,6390403.6
KSA00443,2025-10-31,Bengaluru,South Karnataka,Printer,4,11551,10,46204,4620.4,41583.6,25609.73,15973.87,Corporate,Individual,October,10,Q4,2025,38.41,,46204,2134809.616
KSA00444,2026-03-13,Vijayapura,North Karnataka,Smartwatch,18,4118,20,74124,14824.8,59299.2,45296.08,14003.12,Distributor,Medium Business,March,3,Q1,2026,23.61,,74124,10988734.752
KSA00445,2025-08-23,Kalaburagi,Kalyana Karnataka,Tablet,6,15114,10,90684,9068.4,81615.6,58685.35,22930.25,Corporate,Small Business,August,8,Q3,2025,28.1,,90684,8223587.856
KSA00446,2025-12-30,Vijayapura,North Karnataka,Laptop,16,53237,0,851792,0.0,851792.0,674523.24,177268.76,Retail Store,Enterprise,December,12,Q4,2025,20.81,,851792,0.0
KSA00447,2025-05-06,Hubballi,North Karnataka,Desktop PC,18,49580,10,892440,89244.0,803196.0,536376.73,266819.27,Retail Store,Enterprise,May,5,Q2,2025,33.22,,892440,796449153.6
KSA00448,2025-01-19,Kolar,South Karnataka,Laptop,18,52115,10,938070,93807.0,844263.0,658865.15,185397.85,Retail Store,Small Business,January,1,Q1,2025,21.96,,938070,879975324.9
KSA00449,2025-08-16,Belagavi,North Karnataka,Desktop PC,7,57085,10,399595,39959.5,359635.5,281194.32,78441.18,Retail Store,Enterprise,August,8,Q3,2025,21.81,,399595,159676164.025
KSA00450,2026-05-07,Mangaluru,Coastal Karnataka,Desktop PC,1,67029,15,67029,10054.35,56974.65,40658.92,16315.73,Distributor,Small Business,May,5,Q2,2026,28.64,,67029,6739330.2615
KSA00451,2026-02-03,Raichur,Kalyana Karnataka,Smartwatch,15,5806,10,87090,8709.0,78381.0,54610.59,23770.41,Distributor,Individual,February,2,Q1,2026,30.33,,87090,7584668.1
KSA00452,2026-03-18,Chitradurga,Central Karnataka,Headphones,7,4033,10,28231,2823.1,25407.9,20026.74,5381.16,Corporate,Individual,March,3,Q1,2026,21.18,,28231,796989.361
KSA00453,2026-06-03,Mangaluru,Coastal Karnataka,Smartphone,13,19913,5,258869,12943.45,245925.55,192895.24,53030.31,Retail Store,Small Business,June,6,Q2,2026,21.56,,258869,33506579.5805
KSA00454,2025-03-20,Mangaluru,Coastal Karnataka,Desktop PC,1,51398,5,51398,2569.9,48828.1,38761.61,10066.49,Retail Store,Small Business,March,3,Q1,2025,20.62,,51398,1320877.202
KSA00455,2025-05-30,Hubballi,North Karnataka,Laptop,5,60032,5,300160,15008.0,285152.0,216817.38,68334.62,Distributor,Individual,May,5,Q2,2025,23.96,,300160,45048012.8
KSA00456,2026-04-16,Davangere,Central Karnataka,Keyboard,1,1287,10,1287,128.7,1158.3,732.06,426.24,Distributor,Enterprise,April,4,Q2,2026,36.8,,1287,1656.369
KSA00457,2025-12-05,Dharwad,North Karnataka,Camera,9,38547,10,346923,34692.3,312230.7,259121.35,53109.35,Distributor,Individual,December,12,Q4,2025,17.01,,346923,120355567.929
KSA00458,2026-04-11,Bengaluru,South Karnataka,Monitor,13,19112,10,248456,24845.6,223610.4,186310.33,37300.07,Online,Individual,April,4,Q2,2026,16.68,,248456,61730383.936
KSA00459,2025-01-30,Bidar,Kalyana Karnataka,Desktop PC,9,45484,0,409356,0.0,409356.0,345809.08,63546.92,Retail Store,Individual,January,1,Q1,2025,15.52,,409356,0.0
KSA00460,2026-04-20,Hassan,South Karnataka,Smartwatch,18,9741,0,175338,0.0,175338.0,133405.48,41932.52,Corporate,Medium Business,April,4,Q2,2026,23.92,,175338,0.0
KSA00461,2025-10-23,Udupi,Coastal Karnataka,Smartphone,17,17647,5,299999,14999.95,284999.05,207258.57,77740.48,Corporate,Individual,October,10,Q4,2025,27.28,,299999,44999700.0005
KSA00462,2025-01-13,Belagavi,North Karnataka,Headphones,3,3731,0,11193,0.0,11193.0,7673.85,3519.15,Online,Individual,January,1,Q1,2025,31.44,,11193,0.0
KSA00463,2026-04-04,Hubballi,North Karnataka,Desktop PC,8,46092,0,368736,0.0,368736.0,306629.45,62106.55,Online,Individual,April,4,Q2,2026,16.84,,368736,0.0
KSA00464,2025-10-07,Kolar,South Karnataka,Smartphone,9,17406,10,156654,15665.4,140988.6,98476.57,42512.03,Online,Enterprise,October,10,Q4,2025,30.15,,156654,24540475.716
KSA00465,2025-07-08,Kolar,South Karnataka,Smartwatch,3,5301,15,15903,2385.45,13517.55,11423.62,2093.93,Corporate,Individual,July,7,Q3,2025,15.49,,15903,379358.1135
KSA00466,2025-02-26,Shivamogga,Malnad Karnataka,Headphones,12,2953,15,35436,5315.4,30120.6,25419.88,4700.72,Corporate,Small Business,February,2,Q1,2025,15.61,,35436,1883565.144
KSA00467,2025-02-14,Dharwad,North Karnataka,Smartphone,2,44102,15,88204,13230.6,74973.4,51524.22,23449.18,Online,Small Business,February,2,Q1,2025,31.28,,88204,11669918.424
KSA00468,2025-10-02,Hassan,South Karnataka,Desktop PC,13,45752,5,594776,29738.8,565037.2,386138.61,178898.59,Online,Small Business,October,10,Q4,2025,31.66,,594776,176879245.088
KSA00469,2025-01-31,Bidar,Kalyana Karnataka,Printer,9,12999,0,116991,0.0,116991.0,74904.28,42086.72,Corporate,Enterprise,January,1,Q1,2025,35.97,,116991,0.0
KSA00470,2025-04-10,Raichur,Kalyana Karnataka,Headphones,8,7306,0,58448,0.0,58448.0,43542.64,14905.36,Online,Medium Business,April,4,Q2,2025,25.5,,58448,0.0
KSA00471,2025-04-26,Kolar,South Karnataka,Smartphone,1,27292,15,27292,4093.8,23198.2,17884.52,5313.68,Corporate,Individual,April,4,Q2,2025,22.91,,27292,1117279.896
KSA00472,2025-01-06,Raichur,Kalyana Karnataka,Desktop PC,16,45196,15,723136,108470.4,614665.6,388504.22,226161.38,Corporate,Small Business,January,1,Q1,2025,36.79,,723136,784388511.744
KSA00473,2025-12-26,Shivamogga,Malnad Karnataka,Headphones,11,3861,5,42471,2123.55,40347.45,29879.92,10467.53,Retail Store,Enterprise,December,12,Q4,2025,25.94,,42471,901892.9205
KSA00474,2025-10-26,Mysuru,South Karnataka,Monitor,3,29134,10,87402,8740.2,78661.8,50360.38,28301.42,Corporate,Small Business,October,10,Q4,2025,35.98,,87402,7639109.604
KSA00475,2025-03-07,Hubballi,North Karnataka,Tablet,18,26904,10,484272,48427.2,435844.8,300453.31,135391.49,Retail Store,Small Business,March,3,Q1,2025,31.06,,484272,234519369.984
KSA00476,2026-04-16,Mysuru,South Karnataka,Headphones,13,1964,15,25532,3829.8,21702.2,17914.16,3788.04,Distributor,Small Business,April,4,Q2,2026,17.45,,25532,977824.536
KSA00477,2026-04-11,Chitradurga,Central Karnataka,Laptop,6,56624,5,339744,16987.2,322756.8,251551.07,71205.73,Distributor,Medium Business,April,4,Q2,2026,22.06,,339744,57712992.768
KSA00478,2025-06-29,Shivamogga,Malnad Karnataka,Smartphone,12,12410,0,148920,0.0,148920.0,120881.93,28038.07,Online,Small Business,June,6,Q2,2025,18.83,,148920,0.0
KSA00479,2025-01-22,Mangaluru,Coastal Karnataka,Laptop,4,67754,10,271016,27101.6,243914.4,150523.33,93391.07,Distributor,Small Business,January,1,Q1,2025,38.29,,271016,73449672.256
KSA00480,2025-05-10,Raichur,Kalyana Karnataka,Tablet,18,18981,10,341658,34165.8,307492.2,200212.98,107279.22,Distributor,Individual,May,5,Q2,2025,34.89,,341658,116730188.964
KSA00481,2026-01-14,Kalaburagi,Kalyana Karnataka,Printer,3,14702,20,44106,8821.2,35284.8,26960.35,8324.45,Corporate,Medium Business,January,1,Q1,2026,23.59,,44106,3890678.472
KSA00482,2026-06-12,Dharwad,North Karnataka,Monitor,11,27841,10,306251,30625.1,275625.9,212765.14,62860.76,Online,Small Business,June,6,Q2,2026,22.81,,306251,93789675.001
KSA00483,2025-12-25,Udupi,Coastal Karnataka,Monitor,14,29399,10,411586,41158.6,370427.4,239387.96,131039.44,Retail Store,Enterprise,December,12,Q4,2025,35.38,,411586,169403035.396
KSA00484,2025-03-06,Kolar,South Karnataka,Keyboard,12,2177,5,26124,1306.2,24817.8,16352.69,8465.11,Distributor,Small Business,March,3,Q1,2025,34.11,,26124,341231.688
KSA00485,2025-04-01,Tumakuru,South Karnataka,Headphones,3,5748,5,17244,862.2,16381.8,13863.1,2518.7,Retail Store,Enterprise,April,4,Q2,2025,15.37,,17244,148677.768
KSA00486,2025-05-06,Bidar,Kalyana Karnataka,Monitor,17,27102,15,460734,69110.1,391623.9,293977.22,97646.68,Corporate,Individual,May,5,Q2,2025,24.93,,460734,318413728.134
KSA00487,2026-03-08,Kolar,South Karnataka,Keyboard,17,1950,10,33150,3315.0,29835.0,23083.58,6751.42,Corporate,Enterprise,March,3,Q1,2026,22.63,,33150,1098922.5
KSA00488,2025-02-21,Ballari,Kalyana Karnataka,Smartphone,20,43933,5,878660,43933.0,834727.0,501507.5,333219.5,Distributor,Medium Business,February,2,Q1,2025,39.92,,878660,386021697.8
KSA00489,2025-12-14,Hassan,South Karnataka,Keyboard,6,2311,0,13866,0.0,13866.0,8422.85,5443.15,Corporate,Enterprise,December,12,Q4,2025,39.26,,13866,0.0
KSA00490,2025-08-31,Chitradurga,Central Karnataka,Tablet,19,21099,15,400881,60132.15,340748.85,254093.04,86655.81,Online,Enterprise,August,8,Q3,2025,25.43,,400881,241058364.2415
KSA00491,2026-05-06,Davangere,Central Karnataka,Laptop,19,63472,0,1205968,0.0,1205968.0,928824.25,277143.75,Online,Individual,May,5,Q2,2026,22.98,,1205968,0.0
KSA00492,2025-03-20,Hubballi,North Karnataka,Smartphone,20,36636,10,732720,73272.0,659448.0,484159.56,175288.44,Online,Medium Business,March,3,Q1,2025,26.58,,732720,536878598.4
KSA00493,2025-03-09,Kodagu,Malnad Karnataka,Laptop,15,51637,5,774555,38727.75,735827.25,442821.2,293006.05,Retail Store,Small Business,March,3,Q1,2025,39.82,,774555,299967724.0125
KSA00494,2025-06-28,Ballari,Kalyana Karnataka,Smartwatch,5,9823,20,49115,9823.0,39292.0,29177.67,10114.33,Online,Individual,June,6,Q2,2025,25.74,,49115,4824566.45
KSA00495,2025-03-26,Chitradurga,Central Karnataka,Headphones,19,3350,10,63650,6365.0,57285.0,46201.68,11083.32,Distributor,Medium Business,March,3,Q1,2025,19.35,,63650,4051322.5
KSA00496,2025-12-01,Tumakuru,South Karnataka,Headphones,16,5313,0,85008,0.0,85008.0,59176.45,25831.55,Corporate,Small Business,December,12,Q4,2025,30.39,,85008,0.0
KSA00497,2025-12-09,Bidar,Kalyana Karnataka,Smartphone,6,31393,10,188358,18835.8,169522.2,139784.99,29737.21,Corporate,Medium Business,December,12,Q4,2025,17.54,,188358,35478736.164
KSA00498,2026-01-02,Kalaburagi,Kalyana Karnataka,Smartphone,16,23445,5,375120,18756.0,356364.0,273052.84,83311.16,Distributor,Medium Business,January,1,Q1,2026,23.38,,375120,70357507.2
KSA00499,2026-01-06,Raichur,Kalyana Karnataka,Smartphone,2,23879,20,47758,9551.6,38206.4,30535.55,7670.85,Corporate,Small Business,January,1,Q1,2026,20.08,,47758,4561653.128
KSA00500,2025-09-25,Davangere,Central Karnataka,Headphones,18,2017,5,36306,1815.3,34490.7,22023.79,12466.91,Distributor,Enterprise,September,9,Q3,2025,36.15,,36306,659062.818
KSA00501,2025-12-22,Davangere,Central Karnataka,Keyboard,7,1976,20,13832,2766.4,11065.6,8644.45,2421.15,Corporate,Individual,December,12,Q4,2025,21.88,,13832,382648.448
KSA00502,2025-11-03,Bengaluru,South Karnataka,Printer,1,19908,10,19908,1990.8,17917.2,11005.02,6912.18,Distributor,Individual,November,11,Q4,2025,38.58,,19908,396328.464
KSA00503,2026-04-19,Kalaburagi,Kalyana Karnataka,Tablet,15,19722,10,295830,29583.0,266247.0,194919.07,71327.93,Corporate,Medium Business,April,4,Q2,2026,26.79,,295830,87515388.9
KSA00504,2025-08-29,Hubballi,North Karnataka,Smartwatch,11,13148,10,144628,14462.8,130165.2,91880.34,38284.86,Distributor,Enterprise,August,8,Q3,2025,29.41,,144628,20917258.384
KSA00505,2026-01-24,Hassan,South Karnataka,Keyboard,16,1088,5,17408,870.4,16537.6,10952.34,5585.26,Distributor,Medium Business,January,1,Q1,2026,33.77,,17408,151519.232
KSA00506,2025-09-11,Hubballi,North Karnataka,Smartphone,20,36399,10,727980,72798.0,655182.0,395871.56,259310.44,Corporate,Small Business,September,9,Q3,2025,39.58,,727980,529954880.4
KSA00507,2026-04-25,Mysuru,South Karnataka,Keyboard,12,1435,0,17220,0.0,17220.0,13070.7,4149.3,Corporate,Enterprise,April,4,Q2,2026,24.1,,17220,0.0
KSA00508,2025-06-01,Udupi,Coastal Karnataka,Smartwatch,17,9814,10,166838,16683.8,150154.2,101337.88,48816.32,Retail Store,Medium Business,June,6,Q2,2025,32.51,,166838,27834918.244
KSA00509,2026-04-05,Tumakuru,South Karnataka,Smartphone,17,36042,15,612714,91907.1,520806.9,315337.74,205469.16,Distributor,Individual,April,4,Q2,2026,39.45,,612714,563127668.694
KSA00510,2025-12-14,Vijayapura,North Karnataka,Keyboard,11,2156,15,23716,3557.4,20158.6,16329.65,3828.95,Distributor,Enterprise,December,12,Q4,2025,18.99,,23716,843672.984
KSA00511,2026-02-03,Raichur,Kalyana Karnataka,Headphones,12,7459,15,89508,13426.2,76081.8,48496.91,27584.89,Corporate,Small Business,February,2,Q1,2026,36.26,,89508,12017523.096
KSA00512,2025-06-10,Kodagu,Malnad Karnataka,Smartwatch,4,3953,5,15812,790.6,15021.4,9608.83,5412.57,Retail Store,Individual,June,6,Q2,2025,36.03,,15812,125009.672
KSA00513,2025-07-29,Vijayapura,North Karnataka,Laptop,1,65611,15,65611,9841.65,55769.35,43993.58,11775.77,Distributor,Enterprise,July,7,Q3,2025,21.12,,65611,6457204.9815
KSA00514,2025-06-08,Mysuru,South Karnataka,Camera,14,52119,5,729666,36483.3,693182.7,568361.76,124820.94,Distributor,Individual,June,6,Q2,2025,18.01,,729666,266206235.778
KSA00515,2025-09-01,Mangaluru,Coastal Karnataka,Headphones,1,4101,20,4101,820.2,3280.8,2193.27,1087.53,Corporate,Enterprise,September,9,Q3,2025,33.15,,4101,33636.402
KSA00516,2025-12-29,Kodagu,Malnad Karnataka,Headphones,2,2527,5,5054,252.7,4801.3,3768.34,1032.96,Distributor,Individual,December,12,Q4,2025,21.51,,5054,12771.458
KSA00517,2025-10-06,Shivamogga,Malnad Karnataka,Smartwatch,16,9505,15,152080,22812.0,129268.0,83668.16,45599.84,Corporate,Enterprise,October,10,Q4,2025,35.28,,152080,34692489.6
KSA00518,2025-10-24,Vijayapura,North Karnataka,Keyboard,11,1624,15,17864,2679.6,15184.4,11473.46,3710.94,Corporate,Small Business,October,10,Q4,2025,24.44,,17864,478683.744
KSA00519,2025-05-01,Ballari,Kalyana Karnataka,Keyboard,11,2356,5,25916,1295.8,24620.2,16183.89,8436.31,Distributor,Enterprise,May,5,Q2,2025,34.27,,25916,335819.528
KSA00520,2026-01-03,Dharwad,North Karnataka,Laptop,14,50830,5,711620,35581.0,676039.0,473107.32,202931.68,Distributor,Small Business,January,1,Q1,2026,30.02,,711620,253201512.2
KSA00521,2025-10-27,Belagavi,North Karnataka,Tablet,1,31895,15,31895,4784.25,27110.75,17425.79,9684.96,Corporate,Small Business,October,10,Q4,2025,35.72,,31895,1525936.5375
KSA00522,2025-01-03,Davangere,Central Karnataka,Tablet,20,16104,5,322080,16104.0,305976.0,190255.34,115720.66,Corporate,Small Business,January,1,Q1,2025,37.82,,322080,51867763.2
KSA00523,2025-05-15,Belagavi,North Karnataka,Laptop,12,62511,10,750132,75013.2,675118.8,417686.18,257432.62,Corporate,Individual,May,5,Q2,2025,38.13,,750132,562698017.424
KSA00524,2026-05-31,Udupi,Coastal Karnataka,Keyboard,11,1607,0,17677,0.0,17677.0,14217.51,3459.49,Corporate,Enterprise,May,5,Q2,2026,19.57,,17677,0.0
KSA00525,2025-09-27,Hassan,South Karnataka,Monitor,1,27225,10,27225,2722.5,24502.5,18965.67,5536.83,Online,Small Business,September,9,Q3,2025,22.6,,27225,741200.625
KSA00526,2025-10-23,Hubballi,North Karnataka,Smartphone,1,26650,15,26650,3997.5,22652.5,18112.01,4540.49,Distributor,Small Business,October,10,Q4,2025,20.04,,26650,1065333.75
KSA00527,2026-05-02,Hassan,South Karnataka,Camera,1,52038,10,52038,5203.8,46834.2,35177.19,11657.01,Corporate,Small Business,May,5,Q2,2026,24.89,,52038,2707953.444
KSA00528,2025-04-26,Udupi,Coastal Karnataka,Camera,20,32070,5,641400,32070.0,609330.0,398688.47,210641.53,Distributor,Small Business,April,4,Q2,2025,34.57,,641400,205696980.0
KSA00529,2025-06-29,Chitradurga,Central Karnataka,Monitor,14,15708,5,219912,10995.6,208916.4,161711.8,47204.6,Online,Small Business,June,6,Q2,2025,22.59,,219912,24180643.872
KSA00530,2025-02-09,Mangaluru,Coastal Karnataka,Printer,11,10258,15,112838,16925.7,95912.3,66366.06,29546.24,Retail Store,Small Business,February,2,Q1,2025,30.81,,112838,19098621.366
KSA00531,2025-01-01,Hubballi,North Karnataka,Smartphone,9,25625,5,230625,11531.25,219093.75,133069.67,86024.08,Corporate,Enterprise,January,1,Q1,2025,39.26,,230625,26593945.3125
KSA00532,2026-05-01,Ballari,Kalyana Karnataka,Monitor,13,12282,10,159666,15966.6,143699.4,110954.8,32744.6,Distributor,Enterprise,May,5,Q2,2026,22.79,,159666,25493231.556
KSA00533,2025-12-01,Chitradurga,Central Karnataka,Keyboard,5,2197,5,10985,549.25,10435.75,7641.71,2794.04,Retail Store,Individual,December,12,Q4,2025,26.77,,10985,60335.1125
KSA00534,2025-04-09,Chitradurga,Central Karnataka,Keyboard,1,1254,0,1254,0.0,1254.0,804.26,449.74,Distributor,Small Business,April,4,Q2,2025,35.86,,1254,0.0
KSA00535,2025-03-30,Chitradurga,Central Karnataka,Smartphone,19,36961,5,702259,35112.95,667146.05,415366.31,251779.74,Online,Enterprise,March,3,Q1,2025,37.74,,702259,246583851.5405
KSA00536,2025-05-28,Chitradurga,Central Karnataka,Headphones,20,6509,0,130180,0.0,130180.0,78840.21,51339.79,Retail Store,Enterprise,May,5,Q2,2025,39.44,,130180,0.0
KSA00537,2025-04-13,Bidar,Kalyana Karnataka,Tablet,14,22099,5,309386,15469.3,293916.7,249561.48,44355.22,Retail Store,Medium Business,April,4,Q2,2025,15.09,,309386,47859848.498
KSA00538,2025-11-24,Shivamogga,Malnad Karnataka,Smartphone,12,31824,10,381888,38188.8,343699.2,236034.2,107665.0,Distributor,Medium Business,November,11,Q4,2025,31.33,,381888,145838444.544
KSA00539,2025-07-22,Bidar,Kalyana Karnataka,Smartphone,3,41650,15,124950,18742.5,106207.5,80958.5,25249.0,Distributor,Medium Business,July,7,Q3,2025,23.77,,124950,23418753.75
KSA00540,2025-07-02,Hubballi,North Karnataka,Headphones,9,7173,0,64557,0.0,64557.0,53340.93,11216.07,Online,Small Business,July,7,Q3,2025,17.37,,64557,0.0
KSA00541,2025-07-08,Chitradurga,Central Karnataka,Tablet,8,17616,5,140928,7046.4,133881.6,82203.21,51678.39,Online,Medium Business,July,7,Q3,2025,38.6,,140928,9930350.592
KSA00542,2025-11-21,Mysuru,South Karnataka,Printer,2,18414,0,36828,0.0,36828.0,28499.61,8328.39,Online,Individual,November,11,Q4,2025,22.61,,36828,0.0
KSA00543,2025-04-02,Kodagu,Malnad Karnataka,Smartphone,1,34344,15,34344,5151.6,29192.4,18053.36,11139.04,Distributor,Enterprise,April,4,Q2,2025,38.16,,34344,1769265.504
KSA00544,2025-03-28,Bidar,Kalyana Karnataka,Printer,17,8822,15,149974,22496.1,127477.9,84535.19,42942.71,Retail Store,Small Business,March,3,Q1,2025,33.69,,149974,33738301.014
KSA00545,2025-08-15,Ballari,Kalyana Karnataka,Printer,13,17019,15,221247,33187.05,188059.95,150315.76,37744.19,Retail Store,Individual,August,8,Q3,2025,20.07,,221247,73425352.5135
KSA00546,2025-12-11,Raichur,Kalyana Karnataka,Keyboard,3,1903,15,5709,856.35,4852.65,3915.55,937.1,Retail Store,Medium Business,December,12,Q4,2025,19.31,,5709,48889.0215
KSA00547,2025-04-28,Bengaluru,South Karnataka,Headphones,8,3403,5,27224,1361.2,25862.8,15996.24,9866.56,Distributor,Enterprise,April,4,Q2,2025,38.15,,27224,370573.088
KSA00548,2025-01-06,Mysuru,South Karnataka,Desktop PC,12,38885,15,466620,69993.0,396627.0,321140.06,75486.94,Online,Enterprise,January,1,Q1,2025,19.03,,466620,326601336.6
KSA00549,2025-06-19,Udupi,Coastal Karnataka,Tablet,8,16349,10,130792,13079.2,117712.8,92853.51,24859.29,Corporate,Medium Business,June,6,Q2,2025,21.12,,130792,17106547.264
KSA00550,2025-05-01,Kodagu,Malnad Karnataka,Smartwatch,4,14803,5,59212,2960.6,56251.4,45680.66,10570.74,Online,Enterprise,May,5,Q2,2025,18.79,,59212,1753030.472
KSA00551,2025-04-11,Udupi,Coastal Karnataka,Headphones,15,7266,10,108990,10899.0,98091.0,76710.76,21380.24,Online,Individual,April,4,Q2,2025,21.8,,108990,11878820.1
KSA00552,2025-09-23,Tumakuru,South Karnataka,Laptop,5,68345,0,341725,0.0,341725.0,252026.53,89698.47,Distributor,Individual,September,9,Q3,2025,26.25,,341725,0.0
KSA00553,2026-03-11,Vijayapura,North Karnataka,Smartwatch,6,4642,20,27852,5570.4,22281.6,16448.37,5833.23,Online,Enterprise,March,3,Q1,2026,26.18,,27852,1551467.808
KSA00554,2025-09-14,Mysuru,South Karnataka,Tablet,12,30336,5,364032,18201.6,345830.4,251717.71,94112.69,Retail Store,Medium Business,September,9,Q3,2025,27.21,,364032,66259648.512
KSA00555,2025-03-18,Vijayapura,North Karnataka,Monitor,8,11690,15,93520,14028.0,79492.0,52210.65,27281.35,Online,Enterprise,March,3,Q1,2025,34.32,,93520,13118985.6
KSA00556,2025-05-21,Mandya,South Karnataka,Printer,7,15487,10,108409,10840.9,97568.1,81566.34,16001.76,Distributor,Small Business,May,5,Q2,2025,16.4,,108409,11752511.281
KSA00557,2025-06-09,Tumakuru,South Karnataka,Monitor,3,19743,5,59229,2961.45,56267.55,39795.43,16472.12,Online,Medium Business,June,6,Q2,2025,29.27,,59229,1754037.2205
KSA00558,2026-01-28,Tumakuru,South Karnataka,Tablet,20,30362,0,607240,0.0,607240.0,373089.55,234150.45,Corporate,Medium Business,January,1,Q1,2026,38.56,,607240,0.0
KSA00559,2026-04-13,Tumakuru,South Karnataka,Monitor,4,9695,10,38780,3878.0,34902.0,21105.37,13796.63,Corporate,Enterprise,April,4,Q2,2026,39.53,,38780,1503888.4
KSA00560,2025-03-26,Bidar,Kalyana Karnataka,Printer,18,8297,5,149346,7467.3,141878.7,97342.97,44535.73,Distributor,Enterprise,March,3,Q1,2025,31.39,,149346,11152113.858
KSA00561,2025-08-20,Udupi,Coastal Karnataka,Keyboard,19,1133,5,21527,1076.35,20450.65,16460.08,3990.57,Retail Store,Medium Business,August,8,Q3,2025,19.51,,21527,231705.8645
KSA00562,2025-01-16,Belagavi,North Karnataka,Laptop,14,59454,5,832356,41617.8,790738.2,631874.12,158864.08,Retail Store,Small Business,January,1,Q1,2025,20.09,,832356,346408255.368
KSA00563,2025-12-05,Chitradurga,Central Karnataka,Headphones,13,7018,10,91234,9123.4,82110.6,54595.86,27514.74,Distributor,Enterprise,December,12,Q4,2025,33.51,,91234,8323642.756
KSA00564,2025-02-07,Belagavi,North Karnataka,Smartphone,7,36775,5,257425,12871.25,244553.75,156159.2,88394.55,Distributor,Enterprise,February,2,Q1,2025,36.15,,257425,33133815.3125
KSA00565,2025-02-13,Udupi,Coastal Karnataka,Smartphone,7,35311,20,247177,49435.4,197741.6,153350.58,44391.02,Distributor,Individual,February,2,Q1,2025,22.45,,247177,122192938.658
KSA00566,2025-07-13,Mandya,South Karnataka,Headphones,15,6729,15,100935,15140.25,85794.75,65113.66,20681.09,Corporate,Individual,July,7,Q3,2025,24.11,,100935,15281811.3375
KSA00567,2025-07-04,Hubballi,North Karnataka,Keyboard,12,2570,15,30840,4626.0,26214.0,17472.55,8741.45,Distributor,Individual,July,7,Q3,2025,33.35,,30840,1426658.4
KSA00568,2026-04-19,Ballari,Kalyana Karnataka,Laptop,20,56042,15,1120840,168126.0,952714.0,622365.93,330348.07,Retail Store,Enterprise,April,4,Q2,2026,34.67,,1120840,1884423458.4
KSA00569,2026-02-15,Udupi,Coastal Karnataka,Tablet,19,23854,15,453226,67983.9,385242.1,264480.08,120762.02,Online,Enterprise,February,2,Q1,2026,31.35,,453226,308120710.614
KSA00570,2025-03-20,Hubballi,North Karnataka,Monitor,10,21385,10,213850,21385.0,192465.0,125622.69,66842.31,Retail Store,Small Business,March,3,Q1,2025,34.73,,213850,45731822.5
KSA00571,2025-08-17,Belagavi,North Karnataka,Monitor,15,11838,15,177570,26635.5,150934.5,106223.02,44711.48,Retail Store,Enterprise,August,8,Q3,2025,29.62,,177570,47296657.35
KSA00572,2026-04-19,Davangere,Central Karnataka,Smartwatch,18,8601,0,154818,0.0,154818.0,122559.67,32258.33,Retail Store,Individual,April,4,Q2,2026,20.84,,154818,0.0
KSA00573,2026-06-24,Dharwad,North Karnataka,Smartphone,13,38358,0,498654,0.0,498654.0,374918.0,123736.0,Online,Enterprise,June,6,Q2,2026,24.81,,498654,0.0
KSA00574,2025-01-21,Belagavi,North Karnataka,Smartphone,6,18772,15,112632,16894.8,95737.2,72090.75,23646.45,Online,Small Business,January,1,Q1,2025,24.7,,112632,19028951.136
KSA00575,2025-03-18,Bengaluru,South Karnataka,Monitor,8,19193,20,153544,30708.8,122835.2,98606.36,24228.84,Online,Medium Business,March,3,Q1,2025,19.72,,153544,47151519.872
KSA00576,2025-06-14,Shivamogga,Malnad Karnataka,Monitor,11,24217,10,266387,26638.7,239748.3,203459.95,36288.35,Distributor,Medium Business,June,6,Q2,2025,15.14,,266387,70962033.769
KSA00577,2025-02-01,Bidar,Kalyana Karnataka,Tablet,10,24519,5,245190,12259.5,232930.5,195682.75,37247.75,Retail Store,Small Business,February,2,Q1,2025,15.99,,245190,30059068.05
KSA00578,2025-07-30,Chitradurga,Central Karnataka,Keyboard,12,1208,5,14496,724.8,13771.2,10812.32,2958.88,Corporate,Medium Business,July,7,Q3,2025,21.49,,14496,105067.008
KSA00579,2026-06-25,Dharwad,North Karnataka,Smartphone,17,18688,0,317696,0.0,317696.0,269473.44,48222.56,Retail Store,Enterprise,June,6,Q2,2026,15.18,,317696,0.0
KSA00580,2025-08-23,Shivamogga,Malnad Karnataka,Smartwatch,14,7177,0,100478,0.0,100478.0,65116.4,35361.6,Retail Store,Small Business,August,8,Q3,2025,35.19,,100478,0.0
KSA00581,2025-10-12,Belagavi,North Karnataka,Smartphone,9,28868,10,259812,25981.2,233830.8,161414.0,72416.8,Corporate,Individual,October,10,Q4,2025,30.97,,259812,67502275.344
KSA00582,2025-01-01,Davangere,Central Karnataka,Smartphone,10,41219,15,412190,61828.5,350361.5,276491.42,73870.08,Corporate,Individual,January,1,Q1,2025,21.08,,412190,254850894.15
KSA00583,2025-11-06,Davangere,Central Karnataka,Keyboard,17,2245,5,38165,1908.25,36256.75,25815.59,10441.16,Corporate,Enterprise,November,11,Q4,2025,28.8,,38165,728283.6125
KSA00584,2025-03-05,Kodagu,Malnad Karnataka,Headphones,14,4325,10,60550,6055.0,54495.0,35658.78,18836.22,Corporate,Small Business,March,3,Q1,2025,34.57,,60550,3666302.5
KSA00585,2025-09-24,Shivamogga,Malnad Karnataka,Smartphone,16,41563,10,665008,66500.8,598507.2,383311.69,215195.51,Distributor,Small Business,September,9,Q3,2025,35.96,,665008,442235640.064
KSA00586,2026-01-26,Udupi,Coastal Karnataka,Desktop PC,16,63535,15,1016560,152484.0,864076.0,728670.16,135405.84,Distributor,Enterprise,January,1,Q1,2026,15.67,,1016560,1550091350.4
KSA00587,2026-05-21,Hassan,South Karnataka,Laptop,15,57708,10,865620,86562.0,779058.0,627470.04,151587.96,Distributor,Individual,May,5,Q2,2026,19.46,,865620,749297984.4
KSA00588,2025-07-06,Vijayapura,North Karnataka,Headphones,17,7377,10,125409,12540.9,112868.1,90784.93,22083.17,Distributor,Enterprise,July,7,Q3,2025,19.57,,125409,15727417.281
KSA00589,2026-04-09,Kolar,South Karnataka,Desktop PC,14,43332,5,606648,30332.4,576315.6,405013.55,171302.05,Distributor,Enterprise,April,4,Q2,2026,29.72,,606648,184010897.952
KSA00590,2025-03-15,Hubballi,North Karnataka,Tablet,13,34827,0,452751,0.0,452751.0,339433.96,113317.04,Corporate,Small Business,March,3,Q1,2025,25.03,,452751,0.0
KSA00591,2025-02-04,Belagavi,North Karnataka,Smartphone,1,16264,5,16264,813.2,15450.8,11127.25,4323.55,Distributor,Individual,February,2,Q1,2025,27.98,,16264,132258.848
KSA00592,2025-01-28,Raichur,Kalyana Karnataka,Desktop PC,4,54866,15,219464,32919.6,186544.4,129998.15,56546.25,Distributor,Medium Business,January,1,Q1,2025,30.31,,219464,72246670.944
KSA00593,2025-10-04,Kalaburagi,Kalyana Karnataka,Camera,8,39141,10,313128,31312.8,281815.2,216849.76,64965.44,Corporate,Individual,October,10,Q4,2025,23.05,,313128,98049144.384
KSA00594,2026-04-12,Davangere,Central Karnataka,Headphones,19,2766,5,52554,2627.7,49926.3,42295.44,7630.86,Corporate,Enterprise,April,4,Q2,2026,15.28,,52554,1380961.458
KSA00595,2025-10-23,Bidar,Kalyana Karnataka,Keyboard,7,2018,0,14126,0.0,14126.0,8875.44,5250.56,Corporate,Medium Business,October,10,Q4,2025,37.17,,14126,0.0
KSA00596,2026-04-25,Hubballi,North Karnataka,Camera,6,49905,5,299430,14971.5,284458.5,238669.38,45789.12,Distributor,Enterprise,April,4,Q2,2026,16.1,,299430,44829162.45
KSA00597,2025-08-14,Bidar,Kalyana Karnataka,Headphones,16,5973,10,95568,9556.8,86011.2,54428.66,31582.54,Retail Store,Individual,August,8,Q3,2025,36.72,,95568,9133242.624
KSA00598,2025-07-09,Mangaluru,Coastal Karnataka,Smartwatch,9,5240,0,47160,0.0,47160.0,38634.72,8525.28,Corporate,Small Business,July,7,Q3,2025,18.08,,47160,0.0
KSA00599,2025-09-03,Shivamogga,Malnad Karnataka,Desktop PC,5,62513,0,312565,0.0,312565.0,257808.5,54756.5,Corporate,Small Business,September,9,Q3,2025,17.52,,312565,0.0
KSA00600,2025-02-22,Vijayapura,North Karnataka,Smartwatch,3,10588,5,31764,1588.2,30175.8,19648.35,10527.45,Corporate,Individual,February,2,Q1,2025,34.89,,31764,504475.848
KSA00601,2025-07-14,Shivamogga,Malnad Karnataka,Printer,12,13893,0,166716,0.0,166716.0,115620.88,51095.12,Retail Store,Medium Business,July,7,Q3,2025,30.65,,166716,0.0
KSA00602,2025-05-30,Kolar,South Karnataka,Headphones,14,7451,20,104314,20862.8,83451.2,56213.43,27237.77,Corporate,Enterprise,May,5,Q2,2025,32.64,,104314,21762821.192
KSA00603,2025-11-21,Shivamogga,Malnad Karnataka,Laptop,3,51931,10,155793,15579.3,140213.7,117285.87,22927.83,Retail Store,Individual,November,11,Q4,2025,16.35,,155793,24271458.849
KSA00604,2025-11-01,Kodagu,Malnad Karnataka,Printer,13,11163,0,145119,0.0,145119.0,110670.48,34448.52,Distributor,Enterprise,November,11,Q4,2025,23.74,,145119,0.0
KSA00605,2026-02-10,Davangere,Central Karnataka,Smartphone,12,32538,15,390456,58568.4,331887.6,215824.38,116063.22,Corporate,Enterprise,February,2,Q1,2026,34.97,,390456,228683831.904
KSA00606,2026-01-26,Bidar,Kalyana Karnataka,Monitor,8,26792,0,214336,0.0,214336.0,155150.6,59185.4,Online,Medium Business,January,1,Q1,2026,27.61,,214336,0.0
KSA00607,2025-03-29,Bengaluru,South Karnataka,Monitor,8,26141,10,209128,20912.8,188215.2,128625.66,59589.54,Online,Individual,March,3,Q1,2025,31.66,,209128,43734520.384
KSA00608,2025-11-29,Ballari,Kalyana Karnataka,Desktop PC,4,43716,0,174864,0.0,174864.0,140769.95,34094.05,Retail Store,Individual,November,11,Q4,2025,19.5,,174864,0.0
KSA00609,2025-03-27,Raichur,Kalyana Karnataka,Keyboard,11,2896,5,31856,1592.8,30263.2,19180.58,11082.62,Distributor,Small Business,March,3,Q1,2025,36.62,,31856,507402.368
KSA00610,2025-01-16,Shivamogga,Malnad Karnataka,Smartwatch,3,13677,0,41031,0.0,41031.0,29197.33,11833.67,Distributor,Enterprise,January,1,Q1,2025,28.84,,41031,0.0
KSA00611,2025-01-17,Bidar,Kalyana Karnataka,Laptop,16,74178,10,1186848,118684.8,1068163.2,669269.15,398894.05,Corporate,Medium Business,January,1,Q1,2025,37.34,,1186848,1408608175.104
KSA00612,2025-07-31,Raichur,Kalyana Karnataka,Printer,11,17403,5,191433,9571.65,181861.35,137729.68,44131.67,Online,Individual,July,7,Q3,2025,24.27,,191433,18323296.7445
KSA00613,2026-05-16,Tumakuru,South Karnataka,Headphones,10,7746,10,77460,7746.0,69714.0,52608.21,17105.79,Corporate,Small Business,May,5,Q2,2026,24.54,,77460,6000051.6
KSA00614,2025-02-22,Davangere,Central Karnataka,Keyboard,5,1784,15,8920,1338.0,7582.0,4722.71,2859.29,Retail Store,Enterprise,February,2,Q1,2025,37.71,,8920,119349.6
KSA00615,2026-02-18,Mangaluru,Coastal Karnataka,Headphones,1,2081,5,2081,104.05,1976.95,1319.51,657.44,Distributor,Individual,February,2,Q1,2026,33.26,,2081,2165.2805
KSA00616,2026-02-25,Kolar,South Karnataka,Keyboard,18,2693,15,48474,7271.1,41202.9,31908.82,9294.08,Distributor,Enterprise,February,2,Q1,2026,22.56,,48474,3524593.014
KSA00617,2025-03-07,Hubballi,North Karnataka,Headphones,9,2395,0,21555,0.0,21555.0,17262.94,4292.06,Online,Enterprise,March,3,Q1,2025,19.91,,21555,0.0
KSA00618,2025-06-25,Hubballi,North Karnataka,Keyboard,17,1071,10,18207,1820.7,16386.3,12006.74,4379.56,Distributor,Individual,June,6,Q2,2025,26.73,,18207,331494.849
KSA00619,2025-04-02,Shivamogga,Malnad Karnataka,Smartphone,10,27844,5,278440,13922.0,264518.0,174918.91,89599.09,Retail Store,Individual,April,4,Q2,2025,33.87,,278440,38764416.8
KSA00620,2025-03-01,Kalaburagi,Kalyana Karnataka,Laptop,1,53716,20,53716,10743.2,42972.8,34295.3,8677.5,Distributor,Medium Business,March,3,Q1,2025,20.19,,53716,5770817.312
KSA00621,2026-01-07,Belagavi,North Karnataka,Smartphone,2,32015,10,64030,6403.0,57627.0,41216.34,16410.66,Online,Individual,January,1,Q1,2026,28.48,,64030,4099840.9
KSA00622,2025-06-10,Hassan,South Karnataka,Desktop PC,19,64819,0,1231561,0.0,1231561.0,773942.02,457618.98,Online,Small Business,June,6,Q2,2025,37.16,,1231561,0.0
KSA00623,2025-12-25,Bengaluru,South Karnataka,Smartwatch,7,4690,10,32830,3283.0,29547.0,23918.88,5628.12,Online,Individual,December,12,Q4,2025,19.05,,32830,1077808.9
KSA00624,2025-08-09,Bengaluru,South Karnataka,Headphones,20,1403,10,28060,2806.0,25254.0,20232.5,5021.5,Online,Medium Business,August,8,Q3,2025,19.88,,28060,787363.6
KSA00625,2026-05-20,Bidar,Kalyana Karnataka,Headphones,14,5286,10,74004,7400.4,66603.6,56210.77,10392.83,Distributor,Individual,May,5,Q2,2026,15.6,,74004,5476592.016
KSA00626,2025-10-27,Mysuru,South Karnataka,Camera,5,57048,5,285240,14262.0,270978.0,215565.93,55412.07,Retail Store,Medium Business,October,10,Q4,2025,20.45,,285240,40680928.8
KSA00627,2026-05-28,Shivamogga,Malnad Karnataka,Monitor,18,23926,0,430668,0.0,430668.0,350113.69,80554.31,Distributor,Enterprise,May,5,Q2,2026,18.7,,430668,0.0
KSA00628,2025-12-06,Shivamogga,Malnad Karnataka,Laptop,10,60652,15,606520,90978.0,515542.0,319230.7,196311.3,Distributor,Medium Business,December,12,Q4,2025,38.08,,606520,551799765.6
KSA00629,2026-05-02,Hassan,South Karnataka,Monitor,9,23766,0,213894,0.0,213894.0,172065.95,41828.05,Retail Store,Individual,May,5,Q2,2026,19.56,,213894,0.0
KSA00630,2025-07-28,Kalaburagi,Kalyana Karnataka,Headphones,8,5931,5,47448,2372.4,45075.6,31887.52,13188.08,Distributor,Enterprise,July,7,Q3,2025,29.26,,47448,1125656.352
KSA00631,2026-03-04,Mandya,South Karnataka,Keyboard,13,2694,0,35022,0.0,35022.0,22315.88,12706.12,Retail Store,Enterprise,March,3,Q1,2026,36.28,,35022,0.0
KSA00632,2026-06-11,Chitradurga,Central Karnataka,Headphones,5,5460,10,27300,2730.0,24570.0,18078.89,6491.11,Corporate,Small Business,June,6,Q2,2026,26.42,,27300,745290.0
KSA00633,2026-05-20,Kolar,South Karnataka,Headphones,20,3712,5,74240,3712.0,70528.0,55774.23,14753.77,Retail Store,Enterprise,May,5,Q2,2026,20.92,,74240,2755788.8
KSA00634,2025-05-01,Raichur,Kalyana Karnataka,Keyboard,18,1546,0,27828,0.0,27828.0,19754.07,8073.93,Distributor,Small Business,May,5,Q2,2025,29.01,,27828,0.0
KSA00635,2025-08-17,Bidar,Kalyana Karnataka,Desktop PC,15,48000,5,720000,36000.0,684000.0,495332.76,188667.24,Corporate,Enterprise,August,8,Q3,2025,27.58,,720000,259200000.0
KSA00636,2025-01-09,Mandya,South Karnataka,Headphones,13,7178,10,93314,9331.4,83982.6,69281.45,14701.15,Online,Medium Business,January,1,Q1,2025,17.5,,93314,8707502.596
KSA00637,2025-05-01,Tumakuru,South Karnataka,Tablet,1,21103,10,21103,2110.3,18992.7,14050.15,4942.55,Retail Store,Medium Business,May,5,Q2,2025,26.02,,21103,445336.609
KSA00638,2025-11-20,Hubballi,North Karnataka,Headphones,1,7085,5,7085,354.25,6730.75,5668.18,1062.57,Corporate,Medium Business,November,11,Q4,2025,15.79,,7085,25098.6125
KSA00639,2025-08-03,Tumakuru,South Karnataka,Smartphone,17,29269,20,497573,99514.6,398058.4,300564.83,97493.57,Online,Individual,August,8,Q3,2025,24.49,,497573,495157780.658
KSA00640,2025-12-03,Mandya,South Karnataka,Tablet,14,16763,5,234682,11734.1,222947.9,146133.53,76814.37,Corporate,Individual,December,12,Q4,2025,34.45,,234682,27537820.562
KSA00641,2025-05-22,Kodagu,Malnad Karnataka,Smartphone,17,29747,10,505699,50569.9,455129.1,357183.17,97945.93,Corporate,Enterprise,May,5,Q2,2025,21.52,,505699,255731478.601
KSA00642,2025-02-28,Shivamogga,Malnad Karnataka,Camera,20,57630,10,1152600,115260.0,1037340.0,699727.95,337612.05,Corporate,Individual,February,2,Q1,2025,32.55,,1152600,1328486760.0
KSA00643,2026-01-02,Mandya,South Karnataka,Desktop PC,10,50617,5,506170,25308.5,480861.5,362849.87,118011.63,Retail Store,Medium Business,January,1,Q1,2026,24.54,,506170,128104034.45
KSA00644,2025-03-07,Chitradurga,Central Karnataka,Monitor,7,26365,10,184555,18455.5,166099.5,115145.99,50953.51,Corporate,Medium Business,March,3,Q1,2025,30.68,,184555,34060548.025
KSA00645,2026-02-01,Shivamogga,Malnad Karnataka,Printer,6,19973,5,119838,5991.9,113846.1,82515.23,31330.87,Distributor,Medium Business,February,2,Q1,2026,27.52,,119838,7180573.122
KSA00646,2025-12-18,Dharwad,North Karnataka,Keyboard,4,930,5,3720,186.0,3534.0,2941.53,592.47,Retail Store,Small Business,December,12,Q4,2025,16.76,,3720,6919.2
KSA00647,2025-10-03,Belagavi,North Karnataka,Headphones,14,2895,10,40530,4053.0,36477.0,30534.88,5942.12,Retail Store,Small Business,October,10,Q4,2025,16.29,,40530,1642680.9
KSA00648,2025-01-20,Hassan,South Karnataka,Headphones,6,2315,0,13890,0.0,13890.0,9588.24,4301.76,Retail Store,Enterprise,January,1,Q1,2025,30.97,,13890,0.0
KSA00649,2025-07-01,Mangaluru,Coastal Karnataka,Smartwatch,6,10195,10,61170,6117.0,55053.0,41342.6,13710.4,Corporate,Individual,July,7,Q3,2025,24.9,,61170,3741768.9
KSA00650,2025-07-19,Shivamogga,Malnad Karnataka,Tablet,20,30096,15,601920,90288.0,511632.0,358771.07,152860.93,Online,Enterprise,July,7,Q3,2025,29.88,,601920,543461529.6
KSA00651,2025-11-20,Mysuru,South Karnataka,Smartwatch,4,13049,20,52196,10439.2,41756.8,27542.27,14214.53,Online,Individual,November,11,Q4,2025,34.04,,52196,5448844.832
KSA00652,2026-04-01,Davangere,Central Karnataka,Printer,13,18575,15,241475,36221.25,205253.75,147589.24,57664.51,Distributor,Small Business,April,4,Q2,2026,28.09,,241475,87465263.4375
KSA00653,2025-10-08,Mangaluru,Coastal Karnataka,Tablet,18,17245,5,310410,15520.5,294889.5,191515.98,103373.52,Corporate,Small Business,October,10,Q4,2025,35.06,,310410,48177184.05
KSA00654,2025-07-24,Mysuru,South Karnataka,Printer,19,13351,10,253669,25366.9,228302.1,170213.53,58088.57,Retail Store,Enterprise,July,7,Q3,2025,25.44,,253669,64347961.561
KSA00655,2025-08-17,Raichur,Kalyana Karnataka,Smartphone,9,23799,0,214191,0.0,214191.0,144300.03,69890.97,Retail Store,Medium Business,August,8,Q3,2025,32.63,,214191,0.0
KSA00656,2025-09-01,Udupi,Coastal Karnataka,Tablet,4,33611,5,134444,6722.2,127721.8,100721.76,27000.04,Distributor,Individual,September,9,Q3,2025,21.14,,134444,9037594.568
KSA00657,2025-12-24,Hassan,South Karnataka,Camera,12,71274,15,855288,128293.2,726994.8,555475.23,171519.57,Retail Store,Small Business,December,12,Q4,2025,23.59,,855288,1097276344.416
KSA00658,2026-04-01,Shivamogga,Malnad Karnataka,Headphones,8,2994,0,23952,0.0,23952.0,17966.05,5985.95,Corporate,Small Business,April,4,Q2,2026,24.99,,23952,0.0
KSA00659,2025-09-27,Udupi,Coastal Karnataka,Desktop PC,15,64703,10,970545,97054.5,873490.5,664972.64,208517.86,Online,Small Business,September,9,Q3,2025,23.87,,970545,941957597.025
KSA00660,2026-04-10,Belagavi,North Karnataka,Tablet,11,29672,10,326392,32639.2,293752.8,229491.12,64261.68,Corporate,Individual,April,4,Q2,2026,21.88,,326392,106531737.664
KSA00661,2025-12-08,Mandya,South Karnataka,Printer,9,8171,10,73539,7353.9,66185.1,49403.29,16781.81,Distributor,Enterprise,December,12,Q4,2025,25.36,,73539,5407984.521
KSA00662,2025-03-25,Davangere,Central Karnataka,Headphones,18,1236,15,22248,3337.2,18910.8,15031.84,3878.96,Distributor,Individual,March,3,Q1,2025,20.51,,22248,742460.256
KSA00663,2025-12-05,Shivamogga,Malnad Karnataka,Smartphone,1,33348,10,33348,3334.8,30013.2,24625.24,5387.96,Retail Store,Small Business,December,12,Q4,2025,17.95,,33348,1112089.104
KSA00664,2026-04-18,Belagavi,North Karnataka,Smartwatch,13,4416,5,57408,2870.4,54537.6,42103.57,12434.03,Retail Store,Medium Business,April,4,Q2,2026,22.8,,57408,1647839.232
KSA00665,2025-08-01,Raichur,Kalyana Karnataka,Smartphone,14,19704,10,275856,27585.6,248270.4,183275.95,64994.45,Retail Store,Small Business,August,8,Q3,2025,26.18,,275856,76096532.736
KSA00666,2025-06-09,Dharwad,North Karnataka,Keyboard,11,1842,0,20262,0.0,20262.0,15227.85,5034.15,Retail Store,Medium Business,June,6,Q2,2025,24.85,,20262,0.0
KSA00667,2025-04-30,Tumakuru,South Karnataka,Printer,7,11710,15,81970,12295.5,69674.5,49654.49,20020.01,Corporate,Medium Business,April,4,Q2,2025,28.73,,81970,10078621.35
KSA00668,2025-12-25,Dharwad,North Karnataka,Smartwatch,2,9268,5,18536,926.8,17609.2,12870.74,4738.46,Distributor,Individual,December,12,Q4,2025,26.91,,18536,171791.648
KSA00669,2025-03-14,Kalaburagi,Kalyana Karnataka,Tablet,11,26164,0,287804,0.0,287804.0,244426.8,43377.2,Retail Store,Small Business,March,3,Q1,2025,15.07,,287804,0.0
KSA00670,2025-07-26,Mandya,South Karnataka,Keyboard,20,1926,20,38520,7704.0,30816.0,25633.6,5182.4,Retail Store,Individual,July,7,Q3,2025,16.82,,38520,2967580.8
KSA00671,2026-03-02,Vijayapura,North Karnataka,Smartphone,15,27632,10,414480,41448.0,373032.0,311724.43,61307.57,Distributor,Enterprise,March,3,Q1,2026,16.43,,414480,171793670.4
KSA00672,2025-04-13,Kolar,South Karnataka,Headphones,20,7793,10,155860,15586.0,140274.0,112226.94,28047.06,Online,Small Business,April,4,Q2,2025,19.99,,155860,24292339.6
KSA00673,2025-08-27,Hubballi,North Karnataka,Monitor,14,10500,15,147000,22050.0,124950.0,95131.2,29818.8,Online,Individual,August,8,Q3,2025,23.86,,147000,32413500.0
KSA00674,2025-02-27,Tumakuru,South Karnataka,Desktop PC,11,59255,10,651805,65180.5,586624.5,409965.06,176659.44,Online,Small Business,February,2,Q1,2025,30.11,,651805,424849758.025
KSA00675,2026-05-21,Dharwad,North Karnataka,Headphones,13,7827,15,101751,15262.65,86488.35,69848.87,16639.48,Retail Store,Enterprise,May,5,Q2,2026,19.24,,101751,15529899.0015
KSA00676,2025-02-02,Dharwad,North Karnataka,Smartphone,7,24182,0,169274,0.0,169274.0,125127.34,44146.66,Distributor,Medium Business,February,2,Q1,2025,26.08,,169274,0.0
KSA00677,2025-08-03,Mangaluru,Coastal Karnataka,Camera,5,83896,10,419480,41948.0,377532.0,311684.92,65847.08,Online,Medium Business,August,8,Q3,2025,17.44,,419480,175963470.4
KSA00678,2025-09-26,Vijayapura,North Karnataka,Desktop PC,14,47950,5,671300,33565.0,637735.0,520058.79,117676.21,Retail Store,Individual,September,9,Q3,2025,18.45,,671300,225321845.0
KSA00679,2025-07-16,Dharwad,North Karnataka,Laptop,16,50732,15,811712,121756.8,689955.2,427618.78,262336.42,Online,Small Business,July,7,Q3,2025,38.02,,811712,988314556.416
KSA00680,2026-01-18,Hubballi,North Karnataka,Monitor,15,15712,15,235680,35352.0,200328.0,127198.23,73129.77,Retail Store,Small Business,January,1,Q1,2026,36.51,,235680,83317593.6
KSA00681,2025-02-26,Hassan,South Karnataka,Smartwatch,12,4370,20,52440,10488.0,41952.0,30462.01,11489.99,Distributor,Small Business,February,2,Q1,2025,27.39,,52440,5499907.2
KSA00682,2026-02-08,Raichur,Kalyana Karnataka,Headphones,1,1798,10,1798,179.8,1618.2,1318.44,299.76,Online,Medium Business,February,2,Q1,2026,18.52,,1798,3232.804
KSA00683,2025-03-26,Dharwad,North Karnataka,Printer,8,15082,5,120656,6032.8,114623.2,71751.19,42872.01,Retail Store,Medium Business,March,3,Q1,2025,37.4,,120656,7278935.168
KSA00684,2025-03-30,Mysuru,South Karnataka,Smartwatch,4,6461,10,25844,2584.4,23259.6,14630.26,8629.34,Online,Small Business,March,3,Q1,2025,37.1,,25844,667912.336
KSA00685,2025-12-18,Hubballi,North Karnataka,Smartphone,7,33884,5,237188,11859.4,225328.6,156272.06,69056.54,Retail Store,Individual,December,12,Q4,2025,30.65,,237188,28129073.672
KSA00686,2025-08-20,Vijayapura,North Karnataka,Smartphone,18,26295,10,473310,47331.0,425979.0,255996.43,169982.57,Online,Enterprise,August,8,Q3,2025,39.9,,473310,224022356.1
KSA00687,2026-03-14,Tumakuru,South Karnataka,Camera,4,71212,20,284848,56969.6,227878.4,150234.1,77644.3,Distributor,Individual,March,3,Q1,2026,34.07,,284848,162276766.208
KSA00688,2025-06-16,Belagavi,North Karnataka,Desktop PC,3,50818,10,152454,15245.4,137208.6,90906.35,46302.25,Distributor,Small Business,June,6,Q2,2025,33.75,,152454,23242222.116
KSA00689,2026-05-17,Bengaluru,South Karnataka,Keyboard,16,1959,5,31344,1567.2,29776.8,19217.22,10559.58,Retail Store,Medium Business,May,5,Q2,2026,35.46,,31344,491223.168
KSA00690,2026-02-22,Mangaluru,Coastal Karnataka,Smartwatch,4,9638,0,38552,0.0,38552.0,30864.4,7687.6,Online,Medium Business,February,2,Q1,2026,19.94,,38552,0.0
KSA00691,2025-07-26,Tumakuru,South Karnataka,Laptop,12,47394,10,568728,56872.8,511855.2,337107.06,174748.14,Corporate,Enterprise,July,7,Q3,2025,34.14,,568728,323451537.984
KSA00692,2025-07-07,Chitradurga,Central Karnataka,Monitor,6,16113,10,96678,9667.8,87010.2,62373.73,24636.47,Corporate,Individual,July,7,Q3,2025,28.31,,96678,9346635.684
KSA00693,2025-05-17,Mandya,South Karnataka,Printer,4,13551,10,54204,5420.4,48783.6,40129.27,8654.33,Retail Store,Small Business,May,5,Q2,2025,17.74,,54204,2938073.616
KSA00694,2025-07-20,Mysuru,South Karnataka,Monitor,1,16138,10,16138,1613.8,14524.2,12184.21,2339.99,Distributor,Small Business,July,7,Q3,2025,16.11,,16138,260435.044
KSA00695,2026-02-14,Mysuru,South Karnataka,Headphones,2,1641,10,3282,328.2,2953.8,1884.4,1069.4,Distributor,Enterprise,February,2,Q1,2026,36.2,,3282,10771.524
KSA00696,2026-06-28,Ballari,Kalyana Karnataka,Smartphone,15,14047,0,210705,0.0,210705.0,159009.83,51695.17,Retail Store,Enterprise,June,6,Q2,2026,24.53,,210705,0.0
KSA00697,2025-02-19,Bengaluru,South Karnataka,Headphones,4,2970,15,11880,1782.0,10098.0,7488.35,2609.65,Online,Small Business,February,2,Q1,2025,25.84,,11880,211701.6
KSA00698,2025-02-04,Mandya,South Karnataka,Printer,14,8367,10,117138,11713.8,105424.2,86633.67,18790.53,Online,Individual,February,2,Q1,2025,17.82,,117138,13721311.044
KSA00699,2025-10-07,Kodagu,Malnad Karnataka,Laptop,20,53743,5,1074860,53743.0,1021117.0,763552.17,257564.83,Distributor,Small Business,October,10,Q4,2025,25.22,,1074860,577662009.8
KSA00700,2025-05-19,Davangere,Central Karnataka,Keyboard,3,1991,10,5973,597.3,5375.7,3335.07,2040.63,Corporate,Medium Business,May,5,Q2,2025,37.96,,5973,35676.729
KSA00701,2026-05-19,Udupi,Coastal Karnataka,Desktop PC,15,43844,0,657660,0.0,657660.0,532488.37,125171.63,Corporate,Individual,May,5,Q2,2026,19.03,,657660,0.0
KSA00702,2025-02-22,Tumakuru,South Karnataka,Tablet,8,23111,10,184888,18488.8,166399.2,112478.1,53921.1,Retail Store,Medium Business,February,2,Q1,2025,32.4,,184888,34183572.544
KSA00703,2026-03-05,Mangaluru,Coastal Karnataka,Tablet,5,26072,10,130360,13036.0,117324.0,97004.67,20319.33,Retail Store,Enterprise,March,3,Q1,2026,17.32,,130360,16993729.6
KSA00704,2025-12-12,Dharwad,North Karnataka,Smartphone,13,33970,10,441610,44161.0,397449.0,288692.96,108756.04,Retail Store,Medium Business,December,12,Q4,2025,27.36,,441610,195019392.1
KSA00705,2026-05-06,Belagavi,North Karnataka,Tablet,5,27421,5,137105,6855.25,130249.75,90512.42,39737.33,Retail Store,Enterprise,May,5,Q2,2026,30.51,,137105,9398890.5125
KSA00706,2025-09-03,Kolar,South Karnataka,Printer,4,18291,0,73164,0.0,73164.0,56588.34,16575.66,Retail Store,Individual,September,9,Q3,2025,22.66,,73164,0.0
KSA00707,2026-06-21,Dharwad,North Karnataka,Keyboard,6,1355,5,8130,406.5,7723.5,5630.35,2093.15,Retail Store,Enterprise,June,6,Q2,2026,27.1,,8130,33048.45
KSA00708,2026-01-01,Mangaluru,Coastal Karnataka,Smartphone,9,36979,5,332811,16640.55,316170.45,254594.01,61576.44,Online,Individual,January,1,Q1,2026,19.48,,332811,55381580.8605
KSA00709,2025-11-29,Davangere,Central Karnataka,Smartphone,19,22495,5,427405,21370.25,406034.75,322618.56,83416.19,Corporate,Individual,November,11,Q4,2025,20.54,,427405,91337517.0125
KSA00710,2025-07-25,Mangaluru,Coastal Karnataka,Smartwatch,2,8710,10,17420,1742.0,15678.0,11537.88,4140.12,Distributor,Small Business,July,7,Q3,2025,26.41,,17420,303456.4
KSA00711,2025-09-14,Kolar,South Karnataka,Desktop PC,11,44339,10,487729,48772.9,438956.1,273391.97,165564.13,Corporate,Small Business,September,9,Q3,2025,37.72,,487729,237879577.441
KSA00712,2025-06-28,Vijayapura,North Karnataka,Tablet,3,30097,10,90291,9029.1,81261.9,68599.89,12662.01,Online,Individual,June,6,Q2,2025,15.58,,90291,8152464.681
KSA00713,2026-05-21,Mangaluru,Coastal Karnataka,Camera,10,72697,0,726970,0.0,726970.0,458252.69,268717.31,Corporate,Individual,May,5,Q2,2026,36.96,,726970,0.0
KSA00714,2025-05-30,Ballari,Kalyana Karnataka,Smartphone,14,29493,0,412902,0.0,412902.0,321063.45,91838.55,Distributor,Small Business,May,5,Q2,2025,22.24,,412902,0.0
KSA00715,2025-06-12,Mangaluru,Coastal Karnataka,Smartphone,7,13082,10,91574,9157.4,82416.6,54099.8,28316.8,Corporate,Medium Business,June,6,Q2,2025,34.36,,91574,8385797.476
KSA00716,2025-09-12,Mangaluru,Coastal Karnataka,Printer,16,18057,0,288912,0.0,288912.0,243774.35,45137.65,Retail Store,Medium Business,September,9,Q3,2025,15.62,,288912,0.0
KSA00717,2025-10-04,Vijayapura,North Karnataka,Laptop,5,55476,0,277380,0.0,277380.0,214711.7,62668.3,Retail Store,Enterprise,October,10,Q4,2025,22.59,,277380,0.0
KSA00718,2026-01-31,Bengaluru,South Karnataka,Camera,2,74880,5,149760,7488.0,142272.0,107569.86,34702.14,Distributor,Medium Business,January,1,Q1,2026,24.39,,149760,11214028.8
KSA00719,2026-01-25,Mandya,South Karnataka,Smartwatch,11,10930,5,120230,6011.5,114218.5,77342.04,36876.46,Retail Store,Individual,January,1,Q1,2026,32.29,,120230,7227626.45
KSA00720,2026-03-27,Chitradurga,Central Karnataka,Tablet,14,29285,5,409990,20499.5,389490.5,252175.16,137315.34,Distributor,Medium Business,March,3,Q1,2026,35.26,,409990,84045900.05
KSA00721,2025-09-22,Kalaburagi,Kalyana Karnataka,Laptop,12,69747,10,836964,83696.4,753267.6,630176.66,123090.94,Retail Store,Medium Business,September,9,Q3,2025,16.34,,836964,700508737.296
KSA00722,2026-03-20,Davangere,Central Karnataka,Smartphone,12,43250,10,519000,51900.0,467100.0,332799.67,134300.33,Corporate,Enterprise,March,3,Q1,2026,28.75,,519000,269361000.0
KSA00723,2025-08-11,Tumakuru,South Karnataka,Smartphone,7,34808,5,243656,12182.8,231473.2,161788.82,69684.38,Distributor,Medium Business,August,8,Q3,2025,30.1,,243656,29684123.168
KSA00724,2026-01-10,Mandya,South Karnataka,Smartwatch,5,11707,15,58535,8780.25,49754.75,40026.95,9727.8,Online,Individual,January,1,Q1,2026,19.55,,58535,5139519.3375
KSA00725,2025-04-11,Raichur,Kalyana Karnataka,Monitor,4,26878,20,107512,21502.4,86009.6,59988.49,26021.11,Online,Medium Business,April,4,Q2,2025,30.25,,107512,23117660.288
KSA00726,2025-01-23,Tumakuru,South Karnataka,Headphones,8,6886,5,55088,2754.4,52333.6,41167.91,11165.69,Online,Individual,January,1,Q1,2025,21.34,,55088,1517343.872
KSA00727,2026-06-29,Vijayapura,North Karnataka,Keyboard,1,2179,0,2179,0.0,2179.0,1424.01,754.99,Corporate,Enterprise,June,6,Q2,2026,34.65,,2179,0.0
KSA00728,2025-06-12,Shivamogga,Malnad Karnataka,Tablet,11,15760,0,173360,0.0,173360.0,134665.5,38694.5,Distributor,Enterprise,June,6,Q2,2025,22.32,,173360,0.0
KSA00729,2025-04-16,Raichur,Kalyana Karnataka,Laptop,3,63224,15,189672,28450.8,161221.2,121379.54,39841.66,Online,Small Business,April,4,Q2,2025,24.71,,189672,53963201.376
KSA00730,2025-02-15,Udupi,Coastal Karnataka,Headphones,10,5143,5,51430,2571.5,48858.5,32629.32,16229.18,Corporate,Enterprise,February,2,Q1,2025,33.22,,51430,1322522.45
KSA00731,2025-12-27,Raichur,Kalyana Karnataka,Tablet,14,21554,10,301756,30175.6,271580.4,225009.79,46570.61,Corporate,Enterprise,December,12,Q4,2025,17.15,,301756,91056683.536
KSA00732,2025-07-21,Chitradurga,Central Karnataka,Printer,20,13646,15,272920,40938.0,231982.0,166375.66,65606.34,Online,Individual,July,7,Q3,2025,28.28,,272920,111727989.6
KSA00733,2025-02-26,Ballari,Kalyana Karnataka,Camera,17,84596,0,1438132,0.0,1438132.0,1123805.1,314326.9,Distributor,Enterprise,February,2,Q1,2025,21.86,,1438132,0.0
KSA00734,2025-07-15,Bengaluru,South Karnataka,Keyboard,14,2721,0,38094,0.0,38094.0,25773.52,12320.48,Retail Store,Small Business,July,7,Q3,2025,32.34,,38094,0.0
KSA00735,2025-09-22,Ballari,Kalyana Karnataka,Smartphone,4,35008,10,140032,14003.2,126028.8,89132.15,36896.65,Distributor,Enterprise,September,9,Q3,2025,29.28,,140032,19608961.024
KSA00736,2026-04-01,Mandya,South Karnataka,Laptop,10,61034,5,610340,30517.0,579823.0,469109.35,110713.65,Retail Store,Medium Business,April,4,Q2,2026,19.09,,610340,186257457.8
KSA00737,2025-12-30,Udupi,Coastal Karnataka,Tablet,16,23612,0,377792,0.0,377792.0,307709.38,70082.62,Retail Store,Enterprise,December,12,Q4,2025,18.55,,377792,0.0
KSA00738,2025-03-11,Mysuru,South Karnataka,Laptop,1,66349,10,66349,6634.9,59714.1,36773.89,22940.21,Online,Enterprise,March,3,Q1,2025,38.42,,66349,4402189.801
KSA00739,2025-03-19,Dharwad,North Karnataka,Monitor,8,15502,5,124016,6200.8,117815.2,71534.6,46280.6,Corporate,Individual,March,3,Q1,2025,39.28,,124016,7689984.128
KSA00740,2026-06-11,Bidar,Kalyana Karnataka,Monitor,1,20358,5,20358,1017.9,19340.1,11798.9,7541.2,Retail Store,Small Business,June,6,Q2,2026,38.99,,20358,207224.082
KSA00741,2025-12-11,Ballari,Kalyana Karnataka,Keyboard,7,860,15,6020,903.0,5117.0,3571.18,1545.82,Retail Store,Medium Business,December,12,Q4,2025,30.21,,6020,54360.6
KSA00742,2025-05-08,Hassan,South Karnataka,Desktop PC,10,35284,15,352840,52926.0,299914.0,235186.37,64727.63,Retail Store,Individual,May,5,Q2,2025,21.58,,352840,186744098.4
KSA00743,2025-04-23,Bengaluru,South Karnataka,Keyboard,8,1674,10,13392,1339.2,12052.8,8285.53,3767.27,Online,Medium Business,April,4,Q2,2025,31.26,,13392,179345.664
KSA00744,2025-02-25,Hassan,South Karnataka,Keyboard,14,935,5,13090,654.5,12435.5,8780.64,3654.86,Online,Individual,February,2,Q1,2025,29.39,,13090,85674.05
KSA00745,2026-03-06,Shivamogga,Malnad Karnataka,Laptop,7,55609,15,389263,58389.45,330873.55,264459.23,66414.32,Online,Enterprise,March,3,Q1,2026,20.07,,389263,227288524.7535
KSA00746,2026-04-20,Belagavi,North Karnataka,Tablet,15,23358,0,350370,0.0,350370.0,217701.48,132668.52,Distributor,Small Business,April,4,Q2,2026,37.87,,350370,0.0
KSA00747,2025-05-03,Hassan,South Karnataka,Headphones,9,1104,0,9936,0.0,9936.0,6303.66,3632.34,Online,Medium Business,May,5,Q2,2025,36.56,,9936,0.0
KSA00748,2025-08-13,Raichur,Kalyana Karnataka,Desktop PC,4,68745,5,274980,13749.0,261231.0,166094.81,95136.19,Online,Individual,August,8,Q3,2025,36.42,,274980,37807000.2
KSA00749,2026-01-23,Mysuru,South Karnataka,Laptop,13,52079,5,677027,33851.35,643175.65,427079.3,216096.35,Distributor,Enterprise,January,1,Q1,2026,33.6,,677027,229182779.3645
KSA00750,2026-05-31,Ballari,Kalyana Karnataka,Keyboard,19,817,0,15523,0.0,15523.0,11995.33,3527.67,Corporate,Individual,May,5,Q2,2026,22.73,,15523,0.0
KSA00751,2026-01-06,Raichur,Kalyana Karnataka,Laptop,7,62630,5,438410,21920.5,416489.5,297115.08,119374.42,Online,Medium Business,January,1,Q1,2026,28.66,,438410,96101664.05
KSA00752,2025-07-16,Kalaburagi,Kalyana Karnataka,Desktop PC,18,57745,10,1039410,103941.0,935469.0,617711.09,317757.91,Retail Store,Small Business,July,7,Q3,2025,33.97,,1039410,1080373148.1
KSA00753,2025-05-30,Hassan,South Karnataka,Keyboard,1,1530,20,1530,306.0,1224.0,808.38,415.62,Corporate,Small Business,May,5,Q2,2025,33.96,,1530,4681.8
KSA00754,2025-12-21,Mangaluru,Coastal Karnataka,Keyboard,16,2541,5,40656,2032.8,38623.2,30755.58,7867.62,Online,Enterprise,December,12,Q4,2025,20.37,,40656,826455.168
KSA00755,2026-03-07,Bengaluru,South Karnataka,Headphones,9,1405,15,12645,1896.75,10748.25,8092.6,2655.65,Corporate,Enterprise,March,3,Q1,2026,24.71,,12645,239844.0375
KSA00756,2025-05-19,Mysuru,South Karnataka,Smartwatch,11,14359,0,157949,0.0,157949.0,104265.28,53683.72,Retail Store,Individual,May,5,Q2,2025,33.99,,157949,0.0
KSA00757,2025-07-27,Ballari,Kalyana Karnataka,Laptop,11,68681,0,755491,0.0,755491.0,630051.45,125439.55,Online,Small Business,July,7,Q3,2025,16.6,,755491,0.0
KSA00758,2025-05-20,Udupi,Coastal Karnataka,Laptop,16,68796,10,1100736,110073.6,990662.4,800686.2,189976.2,Distributor,Small Business,May,5,Q2,2025,19.18,,1100736,1211619741.696
KSA00759,2025-04-01,Hassan,South Karnataka,Laptop,17,59977,10,1019609,101960.9,917648.1,556326.18,361321.92,Corporate,Medium Business,April,4,Q2,2025,39.37,,1019609,1039602512.881
KSA00760,2025-09-03,Chitradurga,Central Karnataka,Headphones,4,2078,5,8312,415.6,7896.4,5296.54,2599.86,Online,Small Business,September,9,Q3,2025,32.92,,8312,34544.672
KSA00761,2026-03-29,Hubballi,North Karnataka,Laptop,8,49957,10,399656,39965.6,359690.4,241002.82,118687.58,Retail Store,Enterprise,March,3,Q1,2026,33.0,,399656,159724918.336
KSA00762,2026-05-03,Raichur,Kalyana Karnataka,Desktop PC,5,38820,15,194100,29115.0,164985.0,128973.25,36011.75,Online,Small Business,May,5,Q2,2026,21.83,,194100,56512215.0
KSA00763,2025-04-02,Hubballi,North Karnataka,Printer,5,19318,15,96590,14488.5,82101.5,50997.79,31103.71,Distributor,Enterprise,April,4,Q2,2025,37.88,,96590,13994442.15
KSA00764,2025-11-08,Udupi,Coastal Karnataka,Smartphone,7,26670,5,186690,9334.5,177355.5,147037.96,30317.54,Online,Medium Business,November,11,Q4,2025,17.09,,186690,17426578.05
KSA00765,2025-06-25,Mysuru,South Karnataka,Monitor,17,10754,5,182818,9140.9,173677.1,119532.78,54144.32,Online,Medium Business,June,6,Q2,2025,31.18,,182818,16711210.562
KSA00766,2025-03-03,Hassan,South Karnataka,Camera,16,59172,10,946752,94675.2,852076.8,705041.24,147035.56,Retail Store,Medium Business,March,3,Q1,2025,17.26,,946752,896339349.504
KSA00767,2025-01-07,Mandya,South Karnataka,Smartphone,5,37515,5,187575,9378.75,178196.25,137808.48,40387.77,Distributor,Medium Business,January,1,Q1,2025,22.66,,187575,17592190.3125
KSA00768,2025-12-02,Udupi,Coastal Karnataka,Headphones,15,3393,5,50895,2544.75,48350.25,35799.74,12550.51,Online,Enterprise,December,12,Q4,2025,25.96,,50895,1295150.5125
KSA00769,2025-06-15,Dharwad,North Karnataka,Smartphone,5,27607,0,138035,0.0,138035.0,99745.02,38289.98,Distributor,Small Business,June,6,Q2,2025,27.74,,138035,0.0
KSA00770,2025-09-05,Udupi,Coastal Karnataka,Monitor,13,9406,5,122278,6113.9,116164.1,71610.63,44553.47,Corporate,Small Business,September,9,Q3,2025,38.35,,122278,7475954.642
KSA00771,2026-02-04,Ballari,Kalyana Karnataka,Desktop PC,4,45077,5,180308,9015.4,171292.6,129315.14,41977.46,Distributor,Small Business,February,2,Q1,2026,24.51,,180308,16255487.432
KSA00772,2025-06-19,Bidar,Kalyana Karnataka,Headphones,13,1187,10,15431,1543.1,13887.9,9805.0,4082.9,Distributor,Enterprise,June,6,Q2,2025,29.4,,15431,238115.761
KSA00773,2026-01-23,Ballari,Kalyana Karnataka,Smartphone,16,42670,0,682720,0.0,682720.0,570976.04,111743.96,Corporate,Medium Business,January,1,Q1,2026,16.37,,682720,0.0
KSA00774,2026-03-29,Hassan,South Karnataka,Desktop PC,12,50033,20,600396,120079.2,480316.8,402044.84,78271.96,Retail Store,Medium Business,March,3,Q1,2026,16.3,,600396,720950713.632
KSA00775,2025-06-21,Ballari,Kalyana Karnataka,Smartphone,4,17737,5,70948,3547.4,67400.6,44287.44,23113.16,Online,Individual,June,6,Q2,2025,34.29,,70948,2516809.352
KSA00776,2025-09-16,Davangere,Central Karnataka,Laptop,9,66066,5,594594,29729.7,564864.3,393331.81,171532.49,Distributor,Small Business,September,9,Q3,2025,30.37,,594594,176771012.418
KSA00777,2025-04-09,Raichur,Kalyana Karnataka,Smartwatch,10,3356,10,33560,3356.0,30204.0,23516.88,6687.12,Retail Store,Medium Business,April,4,Q2,2025,22.14,,33560,1126273.6
KSA00778,2026-02-01,Chitradurga,Central Karnataka,Smartphone,15,35906,10,538590,53859.0,484731.0,403613.48,81117.52,Corporate,Medium Business,February,2,Q1,2026,16.73,,538590,290079188.1
KSA00779,2026-05-15,Belagavi,North Karnataka,Headphones,4,2692,10,10768,1076.8,9691.2,7038.57,2652.63,Retail Store,Individual,May,5,Q2,2026,27.37,,10768,115949.824
KSA00780,2025-10-10,Davangere,Central Karnataka,Tablet,5,29949,0,149745,0.0,149745.0,127088.41,22656.59,Online,Medium Business,October,10,Q4,2025,15.13,,149745,0.0
KSA00781,2025-08-03,Hassan,South Karnataka,Printer,7,13256,5,92792,4639.6,88152.4,58857.12,29295.28,Retail Store,Individual,August,8,Q3,2025,33.23,,92792,4305177.632
KSA00782,2026-04-30,Bidar,Kalyana Karnataka,Tablet,12,26516,5,318192,15909.6,302282.4,209316.92,92965.48,Online,Small Business,April,4,Q2,2026,30.75,,318192,50623074.432
KSA00783,2025-08-05,Ballari,Kalyana Karnataka,Smartphone,6,18393,20,110358,22071.6,88286.4,54264.3,34022.1,Online,Individual,August,8,Q3,2025,38.54,,110358,24357776.328
KSA00784,2026-03-15,Hassan,South Karnataka,Smartphone,1,21302,10,21302,2130.2,19171.8,15574.62,3597.18,Online,Medium Business,March,3,Q1,2026,18.76,,21302,453775.204
KSA00785,2026-06-17,Raichur,Kalyana Karnataka,Smartwatch,1,13439,10,13439,1343.9,12095.1,8278.4,3816.7,Corporate,Small Business,June,6,Q2,2026,31.56,,13439,180606.721
KSA00786,2025-11-10,Hassan,South Karnataka,Monitor,12,15844,10,190128,19012.8,171115.2,138042.71,33072.49,Corporate,Medium Business,November,11,Q4,2025,19.33,,190128,36148656.384
KSA00787,2026-05-26,Vijayapura,North Karnataka,Keyboard,20,2724,10,54480,5448.0,49032.0,34134.59,14897.41,Corporate,Medium Business,May,5,Q2,2026,30.38,,54480,2968070.4
KSA00788,2026-06-03,Kalaburagi,Kalyana Karnataka,Headphones,17,7634,5,129778,6488.9,123289.1,75384.41,47904.69,Distributor,Medium Business,June,6,Q2,2026,38.86,,129778,8421164.642
KSA00789,2025-06-14,Tumakuru,South Karnataka,Laptop,5,72820,5,364100,18205.0,345895.0,209111.68,136783.32,Online,Enterprise,June,6,Q2,2025,39.54,,364100,66284405.0
KSA00790,2026-06-04,Mysuru,South Karnataka,Laptop,17,57856,10,983552,98355.2,885196.8,713830.89,171365.91,Corporate,Individual,June,6,Q2,2026,19.36,,983552,967374536.704
KSA00791,2025-11-08,Kalaburagi,Kalyana Karnataka,Smartphone,10,19306,5,193060,9653.0,183407.0,150886.24,32520.76,Corporate,Individual,November,11,Q4,2025,17.73,,193060,18636081.8
KSA00792,2025-10-23,Vijayapura,North Karnataka,Monitor,16,12131,10,194096,19409.6,174686.4,142268.72,32417.68,Distributor,Medium Business,October,10,Q4,2025,18.56,,194096,37673257.216
KSA00793,2026-06-01,Mandya,South Karnataka,Headphones,8,2731,0,21848,0.0,21848.0,14133.48,7714.52,Online,Medium Business,June,6,Q2,2026,35.31,,21848,0.0
KSA00794,2025-06-17,Kodagu,Malnad Karnataka,Smartphone,12,12062,10,144744,14474.4,130269.6,86603.59,43666.01,Corporate,Medium Business,June,6,Q2,2025,33.52,,144744,20950825.536
KSA00795,2026-01-23,Mysuru,South Karnataka,Printer,20,8897,5,177940,8897.0,169043.0,102925.64,66117.36,Retail Store,Medium Business,January,1,Q1,2026,39.11,,177940,15831321.8
KSA00796,2025-10-25,Tumakuru,South Karnataka,Desktop PC,8,67955,10,543640,54364.0,489276.0,350351.75,138924.25,Retail Store,Enterprise,October,10,Q4,2025,28.39,,543640,295544449.6
KSA00797,2025-07-05,Dharwad,North Karnataka,Smartphone,13,19167,15,249171,37375.65,211795.35,177594.87,34200.48,Retail Store,Individual,July,7,Q3,2025,16.15,,249171,93129280.8615
KSA00798,2026-05-15,Tumakuru,South Karnataka,Smartwatch,20,10728,10,214560,21456.0,193104.0,144243.3,48860.7,Distributor,Small Business,May,5,Q2,2026,25.3,,214560,46035993.6
KSA00799,2025-05-08,Bidar,Kalyana Karnataka,Keyboard,6,814,10,4884,488.4,4395.6,3039.77,1355.83,Retail Store,Small Business,May,5,Q2,2025,30.85,,4884,23853.456
KSA00800,2026-01-01,Kolar,South Karnataka,Tablet,18,31506,10,567108,56710.8,510397.2,373458.28,136938.92,Corporate,Small Business,January,1,Q1,2026,26.83,,567108,321611483.664
KSA00801,2026-01-24,Bidar,Kalyana Karnataka,Desktop PC,8,62994,15,503952,75592.8,428359.2,325676.2,102683.0,Online,Medium Business,January,1,Q1,2026,23.97,,503952,380951427.456
KSA00802,2026-06-17,Udupi,Coastal Karnataka,Smartphone,3,38297,5,114891,5744.55,109146.45,79168.17,29978.28,Retail Store,Individual,June,6,Q2,2026,27.47,,114891,6599970.9405
KSA00803,2025-11-17,Kalaburagi,Kalyana Karnataka,Smartphone,15,42654,15,639810,95971.5,543838.5,384396.14,159442.36,Online,Medium Business,November,11,Q4,2025,29.32,,639810,614035254.15
KSA00804,2025-11-22,Kodagu,Malnad Karnataka,Headphones,3,6986,10,20958,2095.8,18862.2,12297.13,6565.07,Corporate,Individual,November,11,Q4,2025,34.81,,20958,439237.764
KSA00805,2025-01-02,Mangaluru,Coastal Karnataka,Tablet,11,34195,5,376145,18807.25,357337.75,222823.05,134514.7,Corporate,Small Business,January,1,Q1,2025,37.64,,376145,70742530.5125
KSA00806,2025-08-26,Davangere,Central Karnataka,Headphones,1,2361,10,2361,236.1,2124.9,1709.16,415.74,Distributor,Medium Business,August,8,Q3,2025,19.57,,2361,5574.321
KSA00807,2026-06-22,Belagavi,North Karnataka,Laptop,11,67547,10,743017,74301.7,668715.3,543796.42,124918.88,Distributor,Small Business,June,6,Q2,2026,18.68,,743017,552074262.289
KSA00808,2026-05-22,Mysuru,South Karnataka,Monitor,12,28064,0,336768,0.0,336768.0,231938.47,104829.53,Distributor,Enterprise,May,5,Q2,2026,31.13,,336768,0.0
KSA00809,2026-03-01,Davangere,Central Karnataka,Smartphone,20,17124,10,342480,34248.0,308232.0,217837.17,90394.83,Retail Store,Enterprise,March,3,Q1,2026,29.33,,342480,117292550.4
KSA00810,2025-01-28,Kodagu,Malnad Karnataka,Headphones,16,5348,15,85568,12835.2,72732.8,61442.25,11290.55,Corporate,Medium Business,January,1,Q1,2025,15.52,,85568,10982823.936
KSA00811,2025-09-02,Kolar,South Karnataka,Smartphone,6,36425,5,218550,10927.5,207622.5,150049.42,57573.08,Retail Store,Individual,September,9,Q3,2025,27.73,,218550,23882051.25
KSA00812,2025-06-07,Ballari,Kalyana Karnataka,Desktop PC,2,41594,10,83188,8318.8,74869.2,48503.25,26365.95,Online,Individual,June,6,Q2,2025,35.22,,83188,6920243.344
KSA00813,2025-02-11,Davangere,Central Karnataka,Keyboard,15,2421,5,36315,1815.75,34499.25,29084.63,5414.62,Retail Store,Medium Business,February,2,Q1,2025,15.69,,36315,659389.6125
KSA00814,2025-03-24,Shivamogga,Malnad Karnataka,Laptop,9,54857,15,493713,74056.95,419656.05,306146.74,113509.31,Retail Store,Enterprise,March,3,Q1,2025,27.05,,493713,365628789.5535
KSA00815,2025-05-16,Mangaluru,Coastal Karnataka,Headphones,8,3838,0,30704,0.0,30704.0,21302.8,9401.2,Corporate,Individual,May,5,Q2,2025,30.62,,30704,0.0
KSA00816,2025-06-22,Dharwad,North Karnataka,Monitor,11,18961,10,208571,20857.1,187713.9,115872.34,71841.56,Corporate,Individual,June,6,Q2,2025,38.27,,208571,43501862.041
KSA00817,2026-05-18,Davangere,Central Karnataka,Laptop,6,71033,10,426198,42619.8,383578.2,281072.43,102505.77,Distributor,Medium Business,May,5,Q2,2026,26.72,,426198,181644735.204
KSA00818,2025-05-22,Davangere,Central Karnataka,Printer,16,9406,5,150496,7524.8,142971.2,86983.87,55987.33,Corporate,Medium Business,May,5,Q2,2025,39.16,,150496,11324523.008
KSA00819,2025-11-03,Hubballi,North Karnataka,Keyboard,2,2015,10,4030,403.0,3627.0,2363.33,1263.67,Online,Small Business,November,11,Q4,2025,34.84,,4030,16240.9
KSA00820,2026-03-30,Vijayapura,North Karnataka,Headphones,2,7384,5,14768,738.4,14029.6,11145.24,2884.36,Corporate,Enterprise,March,3,Q1,2026,20.56,,14768,109046.912
KSA00821,2025-10-03,Vijayapura,North Karnataka,Smartphone,19,25027,0,475513,0.0,475513.0,351796.55,123716.45,Corporate,Enterprise,October,10,Q4,2025,26.02,,475513,0.0
KSA00822,2026-06-09,Davangere,Central Karnataka,Monitor,17,18037,10,306629,30662.9,275966.1,214225.08,61741.02,Corporate,Enterprise,June,6,Q2,2026,22.37,,306629,94021343.641
KSA00823,2025-03-23,Hubballi,North Karnataka,Printer,2,19707,0,39414,0.0,39414.0,28825.58,10588.42,Online,Individual,March,3,Q1,2025,26.86,,39414,0.0
KSA00824,2025-04-05,Udupi,Coastal Karnataka,Smartphone,12,25432,15,305184,45777.6,259406.4,216650.25,42756.15,Distributor,Enterprise,April,4,Q2,2025,16.48,,305184,139705910.784
KSA00825,2026-04-12,Hubballi,North Karnataka,Monitor,19,29162,15,554078,83111.7,470966.3,284114.35,186851.95,Distributor,Medium Business,April,4,Q2,2026,39.67,,554078,460503645.126
KSA00826,2026-05-02,Kalaburagi,Kalyana Karnataka,Camera,13,40286,5,523718,26185.9,497532.1,367789.29,129742.81,Distributor,Medium Business,May,5,Q2,2026,26.08,,523718,137140271.762
KSA00827,2025-01-26,Mangaluru,Coastal Karnataka,Smartwatch,14,4840,10,67760,6776.0,60984.0,49750.02,11233.98,Distributor,Small Business,January,1,Q1,2025,18.42,,67760,4591417.6
KSA00828,2026-05-22,Tumakuru,South Karnataka,Smartphone,6,28840,5,173040,8652.0,164388.0,129955.22,34432.78,Corporate,Small Business,May,5,Q2,2026,20.95,,173040,14971420.8
KSA00829,2026-01-01,Hubballi,North Karnataka,Printer,2,14540,5,29080,1454.0,27626.0,20962.78,6663.22,Corporate,Individual,January,1,Q1,2026,24.12,,29080,422823.2
KSA00830,2025-11-21,Dharwad,North Karnataka,Desktop PC,11,39009,0,429099,0.0,429099.0,284988.82,144110.18,Online,Small Business,November,11,Q4,2025,33.58,,429099,0.0
KSA00831,2026-03-04,Udupi,Coastal Karnataka,Smartphone,12,26964,10,323568,32356.8,291211.2,210701.3,80509.9,Distributor,Enterprise,March,3,Q1,2026,27.65,,323568,104696250.624
KSA00832,2026-04-24,Udupi,Coastal Karnataka,Smartphone,20,40034,15,800680,120102.0,680578.0,413818.04,266759.96,Distributor,Medium Business,April,4,Q2,2026,39.2,,800680,961632693.6
KSA00833,2026-01-22,Raichur,Kalyana Karnataka,Headphones,11,1385,10,15235,1523.5,13711.5,11628.71,2082.79,Distributor,Small Business,January,1,Q1,2026,15.19,,15235,232105.225
KSA00834,2026-03-13,Kodagu,Malnad Karnataka,Camera,20,65577,15,1311540,196731.0,1114809.0,933436.51,181372.49,Online,Small Business,March,3,Q1,2026,16.27,,1311540,2580205757.4
KSA00835,2025-06-20,Bengaluru,South Karnataka,Keyboard,2,1971,0,3942,0.0,3942.0,3018.25,923.75,Retail Store,Enterprise,June,6,Q2,2025,23.43,,3942,0.0
KSA00836,2026-06-21,Hassan,South Karnataka,Keyboard,9,867,10,7803,780.3,7022.7,5423.81,1598.89,Retail Store,Medium Business,June,6,Q2,2026,22.77,,7803,60886.809
KSA00837,2025-05-04,Vijayapura,North Karnataka,Desktop PC,14,60433,0,846062,0.0,846062.0,664735.31,181326.69,Retail Store,Medium Business,May,5,Q2,2025,21.43,,846062,0.0
KSA00838,2025-08-02,Ballari,Kalyana Karnataka,Monitor,3,13558,10,40674,4067.4,36606.6,29062.71,7543.89,Retail Store,Enterprise,August,8,Q3,2025,20.61,,40674,1654374.276
KSA00839,2025-07-31,Mysuru,South Karnataka,Tablet,15,31659,10,474885,47488.5,427396.5,313831.64,113564.86,Online,Individual,July,7,Q3,2025,26.57,,474885,225515763.225
KSA00840,2025-06-09,Mandya,South Karnataka,Tablet,20,22748,20,454960,90992.0,363968.0,303348.14,60619.86,Online,Individual,June,6,Q2,2025,16.66,,454960,413977203.2
KSA00841,2026-05-01,Bidar,Kalyana Karnataka,Smartphone,15,41016,15,615240,92286.0,522954.0,387772.62,135181.38,Distributor,Medium Business,May,5,Q2,2026,25.85,,615240,567780386.4
KSA00842,2025-01-13,Kalaburagi,Kalyana Karnataka,Smartphone,5,24865,0,124325,0.0,124325.0,96955.35,27369.65,Distributor,Enterprise,January,1,Q1,2025,22.01,,124325,0.0
KSA00843,2025-08-03,Chitradurga,Central Karnataka,Camera,2,62342,15,124684,18702.6,105981.4,71771.98,34209.42,Retail Store,Enterprise,August,8,Q3,2025,32.28,,124684,23319149.784
KSA00844,2025-05-24,Mandya,South Karnataka,Desktop PC,5,46191,0,230955,0.0,230955.0,185197.2,45757.8,Distributor,Enterprise,May,5,Q2,2025,19.81,,230955,0.0
KSA00845,2025-08-26,Hubballi,North Karnataka,Camera,17,64026,15,1088442,163266.3,925175.7,602603.8,322571.9,Distributor,Medium Business,August,8,Q3,2025,34.87,,1088442,1777058981.046
KSA00846,2025-06-12,Kodagu,Malnad Karnataka,Smartphone,17,32625,10,554625,55462.5,499162.5,339881.14,159281.36,Retail Store,Small Business,June,6,Q2,2025,31.91,,554625,307608890.625
KSA00847,2025-09-08,Raichur,Kalyana Karnataka,Camera,11,82902,20,911922,182384.4,729537.6,509889.91,219647.69,Distributor,Medium Business,September,9,Q3,2025,30.11,,911922,1663203468.168
KSA00848,2025-07-27,Hassan,South Karnataka,Keyboard,6,1100,10,6600,660.0,5940.0,4296.78,1643.22,Corporate,Individual,July,7,Q3,2025,27.66,,6600,43560.0
KSA00849,2025-03-27,Hassan,South Karnataka,Tablet,18,20569,10,370242,37024.2,333217.8,206778.67,126439.13,Retail Store,Individual,March,3,Q1,2025,37.94,,370242,137079138.564
KSA00850,2025-08-15,Kalaburagi,Kalyana Karnataka,Desktop PC,19,59354,5,1127726,56386.3,1071339.7,655585.57,415754.13,Retail Store,Enterprise,August,8,Q3,2025,38.81,,1127726,635882965.538
KSA00851,2025-11-09,Dharwad,North Karnataka,Smartphone,4,42586,10,170344,17034.4,153309.6,115888.65,37420.95,Online,Medium Business,November,11,Q4,2025,24.41,,170344,29017078.336
KSA00852,2025-11-11,Mangaluru,Coastal Karnataka,Printer,20,17597,15,351940,52791.0,299149.0,180890.97,118258.03,Distributor,Medium Business,November,11,Q4,2025,39.53,,351940,185792645.4
KSA00853,2026-06-11,Kodagu,Malnad Karnataka,Monitor,18,9174,20,165132,33026.4,132105.6,110578.16,21527.44,Online,Medium Business,June,6,Q2,2026,16.3,,165132,54537154.848
KSA00854,2025-04-10,Bengaluru,South Karnataka,Laptop,4,71437,5,285748,14287.4,271460.6,222036.54,49424.06,Corporate,Medium Business,April,4,Q2,2025,18.21,,285748,40825959.752
KSA00855,2026-06-16,Kodagu,Malnad Karnataka,Smartphone,5,39935,5,199675,9983.75,189691.25,124445.63,65245.62,Online,Small Business,June,6,Q2,2026,34.4,,199675,19935052.8125
KSA00856,2025-06-28,Udupi,Coastal Karnataka,Keyboard,20,1709,0,34180,0.0,34180.0,23022.16,11157.84,Online,Individual,June,6,Q2,2025,32.64,,34180,0.0
KSA00857,2026-02-03,Davangere,Central Karnataka,Smartwatch,12,14894,10,178728,17872.8,160855.2,99709.28,61145.92,Corporate,Medium Business,February,2,Q1,2026,38.01,,178728,31943697.984
KSA00858,2025-04-16,Chitradurga,Central Karnataka,Keyboard,7,1092,15,7644,1146.6,6497.4,5226.54,1270.86,Corporate,Small Business,April,4,Q2,2025,19.56,,7644,87646.104
KSA00859,2025-11-22,Bengaluru,South Karnataka,Smartphone,19,15583,10,296077,29607.7,266469.3,183873.7,82595.6,Corporate,Small Business,November,11,Q4,2025,31.0,,296077,87661589.929
KSA00860,2025-06-22,Bengaluru,South Karnataka,Printer,7,18977,10,132839,13283.9,119555.1,99962.89,19592.21,Retail Store,Medium Business,June,6,Q2,2025,16.39,,132839,17646199.921
KSA00861,2026-03-04,Chitradurga,Central Karnataka,Printer,11,14512,20,159632,31926.4,127705.6,92359.58,35346.02,Distributor,Individual,March,3,Q1,2026,27.68,,159632,50964750.848
KSA00862,2025-09-29,Kolar,South Karnataka,Desktop PC,16,53865,10,861840,86184.0,775656.0,603403.0,172253.0,Online,Individual,September,9,Q3,2025,22.21,,861840,742768185.6
KSA00863,2026-01-21,Ballari,Kalyana Karnataka,Printer,2,19791,5,39582,1979.1,37602.9,30995.15,6607.75,Retail Store,Small Business,January,1,Q1,2026,17.57,,39582,783367.362
KSA00864,2025-04-19,Mangaluru,Coastal Karnataka,Desktop PC,16,55885,15,894160,134124.0,760036.0,576982.26,183053.74,Corporate,Enterprise,April,4,Q2,2025,24.08,,894160,1199283158.4
KSA00865,2026-06-16,Dharwad,North Karnataka,Keyboard,19,880,10,16720,1672.0,15048.0,10700.01,4347.99,Retail Store,Small Business,June,6,Q2,2026,28.89,,16720,279558.4
KSA00866,2026-06-20,Mangaluru,Coastal Karnataka,Printer,17,10702,5,181934,9096.7,172837.3,126342.57,46494.73,Distributor,Enterprise,June,6,Q2,2026,26.9,,181934,16549990.178
KSA00867,2025-04-03,Vijayapura,North Karnataka,Headphones,1,3401,10,3401,340.1,3060.9,2297.27,763.63,Corporate,Enterprise,April,4,Q2,2025,24.95,,3401,11566.801
KSA00868,2025-05-24,Raichur,Kalyana Karnataka,Keyboard,9,2670,15,24030,3604.5,20425.5,16026.44,4399.06,Corporate,Small Business,May,5,Q2,2025,21.54,,24030,866161.35
KSA00869,2026-05-25,Chitradurga,Central Karnataka,Camera,4,58409,20,233636,46727.2,186908.8,123151.71,63757.09,Corporate,Individual,May,5,Q2,2026,34.11,,233636,109171560.992
KSA00870,2025-09-29,Ballari,Kalyana Karnataka,Smartphone,12,44275,10,531300,53130.0,478170.0,332856.78,145313.22,Corporate,Enterprise,September,9,Q3,2025,30.39,,531300,282279690.0
KSA00871,2025-08-25,Belagavi,North Karnataka,Smartphone,10,37644,0,376440,0.0,376440.0,278193.75,98246.25,Distributor,Individual,August,8,Q3,2025,26.1,,376440,0.0
KSA00872,2026-01-10,Raichur,Kalyana Karnataka,Headphones,16,5476,10,87616,8761.6,78854.4,50688.75,28165.65,Online,Medium Business,January,1,Q1,2026,35.72,,87616,7676563.456
KSA00873,2025-08-30,Kalaburagi,Kalyana Karnataka,Keyboard,17,1037,15,17629,2644.35,14984.65,9127.63,5857.02,Distributor,Small Business,August,8,Q3,2025,39.09,,17629,466172.4615
KSA00874,2026-01-10,Bengaluru,South Karnataka,Tablet,13,30921,10,401973,40197.3,361775.7,262114.74,99660.96,Corporate,Small Business,January,1,Q1,2026,27.55,,401973,161582292.729
KSA00875,2026-01-17,Bidar,Kalyana Karnataka,Smartwatch,14,12554,10,175756,17575.6,158180.4,131589.13,26591.27,Retail Store,Individual,January,1,Q1,2026,16.81,,175756,30890171.536
KSA00876,2025-11-25,Belagavi,North Karnataka,Desktop PC,7,41029,0,287203,0.0,287203.0,197709.18,89493.82,Corporate,Individual,November,11,Q4,2025,31.16,,287203,0.0
KSA00877,2026-04-13,Bidar,Kalyana Karnataka,Smartwatch,13,5058,5,65754,3287.7,62466.3,52796.84,9669.46,Online,Medium Business,April,4,Q2,2026,15.48,,65754,2161794.258
KSA00878,2026-01-16,Vijayapura,North Karnataka,Monitor,2,20261,15,40522,6078.3,34443.7,21138.23,13305.47,Distributor,Small Business,January,1,Q1,2026,38.63,,40522,2463048.726
KSA00879,2025-02-01,Hubballi,North Karnataka,Smartphone,17,29532,5,502044,25102.2,476941.8,402863.62,74078.18,Retail Store,Enterprise,February,2,Q1,2025,15.53,,502044,126024088.968
KSA00880,2026-01-09,Ballari,Kalyana Karnataka,Monitor,11,25837,10,284207,28420.7,255786.3,195108.85,60677.45,Online,Enterprise,January,1,Q1,2026,23.72,,284207,80773618.849
KSA00881,2025-01-31,Vijayapura,North Karnataka,Laptop,13,62509,5,812617,40630.85,771986.15,491025.93,280960.22,Distributor,Medium Business,January,1,Q1,2025,36.39,,812617,330173194.3445
KSA00882,2026-05-29,Ballari,Kalyana Karnataka,Smartphone,8,41944,10,335552,33555.2,301996.8,192930.7,109066.1,Online,Enterprise,May,5,Q2,2026,36.11,,335552,112595144.704
KSA00883,2025-07-22,Kodagu,Malnad Karnataka,Camera,9,50339,10,453051,45305.1,407745.9,318318.7,89427.2,Retail Store,Enterprise,July,7,Q3,2025,21.93,,453051,205255208.601
KSA00884,2025-03-02,Kolar,South Karnataka,Camera,7,54915,0,384405,0.0,384405.0,282036.71,102368.29,Distributor,Small Business,March,3,Q1,2025,26.63,,384405,0.0
KSA00885,2026-02-14,Ballari,Kalyana Karnataka,Laptop,5,65058,20,325290,65058.0,260232.0,194862.94,65369.06,Corporate,Enterprise,February,2,Q1,2026,25.12,,325290,211627168.2
KSA00886,2026-01-22,Kolar,South Karnataka,Smartphone,15,15976,5,239640,11982.0,227658.0,185320.72,42337.28,Retail Store,Medium Business,January,1,Q1,2026,18.6,,239640,28713664.8
KSA00887,2025-09-07,Udupi,Coastal Karnataka,Monitor,10,13278,20,132780,26556.0,106224.0,80387.38,25836.62,Corporate,Medium Business,September,9,Q3,2025,24.32,,132780,35261056.8
KSA00888,2025-02-04,Mangaluru,Coastal Karnataka,Laptop,1,74507,15,74507,11176.05,63330.95,52869.08,10461.87,Retail Store,Enterprise,February,2,Q1,2025,16.52,,74507,8326939.5735
KSA00889,2025-04-02,Hubballi,North Karnataka,Keyboard,1,2630,15,2630,394.5,2235.5,1555.86,679.64,Online,Enterprise,April,4,Q2,2025,30.4,,2630,10375.35
KSA00890,2025-02-19,Tumakuru,South Karnataka,Smartwatch,18,8444,20,151992,30398.4,121593.6,80228.25,41365.35,Online,Enterprise,February,2,Q1,2025,34.02,,151992,46203136.128
KSA00891,2026-05-22,Bidar,Kalyana Karnataka,Laptop,8,51217,10,409736,40973.6,368762.4,278801.45,89960.95,Distributor,Medium Business,May,5,Q2,2026,24.4,,409736,167883589.696
KSA00892,2025-01-25,Raichur,Kalyana Karnataka,Smartwatch,18,11110,5,199980,9999.0,189981.0,154436.23,35544.77,Distributor,Small Business,January,1,Q1,2025,18.71,,199980,19996000.2
KSA00893,2025-12-21,Chitradurga,Central Karnataka,Printer,4,18078,0,72312,0.0,72312.0,55439.13,16872.87,Distributor,Enterprise,December,12,Q4,2025,23.33,,72312,0.0
KSA00894,2025-11-13,Tumakuru,South Karnataka,Camera,13,86298,5,1121874,56093.7,1065780.3,822921.2,242859.1,Distributor,Small Business,November,11,Q4,2025,22.79,,1121874,629300635.938
KSA00895,2026-05-17,Kodagu,Malnad Karnataka,Headphones,6,6722,5,40332,2016.6,38315.4,25273.7,13041.7,Corporate,Enterprise,May,5,Q2,2026,34.04,,40332,813335.112
KSA00896,2026-04-24,Tumakuru,South Karnataka,Monitor,18,15881,5,285858,14292.9,271565.1,210067.5,61497.6,Corporate,Medium Business,April,4,Q2,2026,22.65,,285858,40857398.082
KSA00897,2026-01-26,Kodagu,Malnad Karnataka,Printer,9,13778,15,124002,18600.3,105401.7,74633.31,30768.39,Corporate,Enterprise,January,1,Q1,2026,29.19,,124002,23064744.006
KSA00898,2025-12-29,Hassan,South Karnataka,Keyboard,17,1158,5,19686,984.3,18701.7,13399.22,5302.48,Retail Store,Medium Business,December,12,Q4,2025,28.35,,19686,193769.298
KSA00899,2025-11-15,Vijayapura,North Karnataka,Desktop PC,11,60259,10,662849,66284.9,596564.1,365974.98,230589.12,Retail Store,Medium Business,November,11,Q4,2025,38.65,,662849,439368796.801
KSA00900,2026-04-13,Belagavi,North Karnataka,Headphones,20,6503,10,130060,13006.0,117054.0,98919.74,18134.26,Retail Store,Medium Business,April,4,Q2,2026,15.49,,130060,16915603.6
KSA00901,2025-11-11,Kodagu,Malnad Karnataka,Keyboard,8,1134,10,9072,907.2,8164.8,5391.11,2773.69,Corporate,Individual,November,11,Q4,2025,33.97,,9072,82301.184
KSA00902,2025-05-27,Udupi,Coastal Karnataka,Desktop PC,17,49687,20,844679,168935.8,675743.2,414575.85,261167.35,Corporate,Small Business,May,5,Q2,2025,38.65,,844679,1426965226.082
KSA00903,2026-05-21,Chitradurga,Central Karnataka,Headphones,8,5976,20,47808,9561.6,38246.4,27479.21,10767.19,Corporate,Small Business,May,5,Q2,2026,28.15,,47808,4571209.728
KSA00904,2025-12-12,Raichur,Kalyana Karnataka,Laptop,3,53961,10,161883,16188.3,145694.7,97834.93,47859.77,Corporate,Medium Business,December,12,Q4,2025,32.85,,161883,26206105.689
KSA00905,2026-04-29,Kolar,South Karnataka,Camera,10,25422,5,254220,12711.0,241509.0,179843.25,61665.75,Corporate,Small Business,April,4,Q2,2026,25.53,,254220,32313904.2
KSA00906,2025-02-06,Hassan,South Karnataka,Headphones,8,3223,10,25784,2578.4,23205.6,19287.05,3918.55,Online,Small Business,February,2,Q1,2025,16.89,,25784,664814.656
KSA00907,2025-10-10,Mandya,South Karnataka,Headphones,9,7746,5,69714,3485.7,66228.3,42481.6,23746.7,Online,Small Business,October,10,Q4,2025,35.86,,69714,2430020.898
KSA00908,2025-09-05,Kolar,South Karnataka,Headphones,7,7290,10,51030,5103.0,45927.0,37700.95,8226.05,Distributor,Small Business,September,9,Q3,2025,17.91,,51030,2604060.9
KSA00909,2025-11-14,Kodagu,Malnad Karnataka,Headphones,16,7405,5,118480,5924.0,112556.0,68660.6,43895.4,Online,Individual,November,11,Q4,2025,39.0,,118480,7018755.2
KSA00910,2025-03-08,Vijayapura,North Karnataka,Smartwatch,11,9981,0,109791,0.0,109791.0,88840.56,20950.44,Retail Store,Enterprise,March,3,Q1,2025,19.08,,109791,0.0
KSA00911,2025-08-01,Kolar,South Karnataka,Monitor,8,14577,5,116616,5830.8,110785.2,90828.53,19956.67,Online,Medium Business,August,8,Q3,2025,18.01,,116616,6799645.728
KSA00912,2025-03-06,Hassan,South Karnataka,Printer,1,12186,20,12186,2437.2,9748.8,6183.61,3565.19,Retail Store,Small Business,March,3,Q1,2025,36.57,,12186,296997.192
KSA00913,2025-01-30,Dharwad,North Karnataka,Printer,5,9074,5,45370,2268.5,43101.5,35134.05,7967.45,Online,Enterprise,January,1,Q1,2025,18.49,,45370,1029218.45
KSA00914,2025-09-29,Mangaluru,Coastal Karnataka,Smartphone,12,15112,5,181344,9067.2,172276.8,110959.7,61317.1,Distributor,Medium Business,September,9,Q3,2025,35.59,,181344,16442823.168
KSA00915,2026-06-04,Mysuru,South Karnataka,Laptop,8,74080,5,592640,29632.0,563008.0,355214.25,207793.75,Distributor,Individual,June,6,Q2,2026,36.91,,592640,175611084.8
KSA00916,2025-08-01,Vijayapura,North Karnataka,Tablet,2,28071,5,56142,2807.1,53334.9,38553.59,14781.31,Retail Store,Small Business,August,8,Q3,2025,27.71,,56142,1575962.082
KSA00917,2025-01-13,Kalaburagi,Kalyana Karnataka,Tablet,11,23678,10,260458,26045.8,234412.2,184631.53,49780.67,Distributor,Small Business,January,1,Q1,2025,21.24,,260458,67838369.764
KSA00918,2025-06-09,Mandya,South Karnataka,Smartphone,8,12838,10,102704,10270.4,92433.6,72869.54,19564.06,Online,Medium Business,June,6,Q2,2025,21.17,,102704,10548111.616
KSA00919,2025-08-13,Hubballi,North Karnataka,Headphones,12,2378,15,28536,4280.4,24255.6,17271.17,6984.43,Distributor,Enterprise,August,8,Q3,2025,28.8,,28536,1221454.944
KSA00920,2026-05-23,Kalaburagi,Kalyana Karnataka,Keyboard,10,2758,0,27580,0.0,27580.0,20424.73,7155.27,Distributor,Small Business,May,5,Q2,2026,25.94,,27580,0.0
KSA00921,2026-02-15,Raichur,Kalyana Karnataka,Desktop PC,17,49927,10,848759,84875.9,763883.1,637992.64,125890.46,Distributor,Enterprise,February,2,Q1,2026,16.48,,848759,720391840.081
KSA00922,2025-10-16,Bidar,Kalyana Karnataka,Tablet,10,30066,10,300660,30066.0,270594.0,171424.74,99169.26,Distributor,Enterprise,October,10,Q4,2025,36.65,,300660,90396435.6
KSA00923,2025-08-22,Hubballi,North Karnataka,Headphones,5,5887,15,29435,4415.25,25019.75,17522.4,7497.35,Corporate,Small Business,August,8,Q3,2025,29.97,,29435,1299628.8375
KSA00924,2025-12-20,Kolar,South Karnataka,Laptop,10,59575,5,595750,29787.5,565962.5,423214.58,142747.92,Distributor,Medium Business,December,12,Q4,2025,25.22,,595750,177459031.25
KSA00925,2026-05-08,Hubballi,North Karnataka,Camera,4,42556,5,170224,8511.2,161712.8,101029.56,60683.24,Corporate,Small Business,May,5,Q2,2026,37.53,,170224,14488105.088
KSA00926,2025-01-04,Vijayapura,North Karnataka,Keyboard,11,2132,10,23452,2345.2,21106.8,13802.57,7304.23,Retail Store,Small Business,January,1,Q1,2025,34.61,,23452,549996.304
KSA00927,2025-01-07,Davangere,Central Karnataka,Smartphone,17,27775,10,472175,47217.5,424957.5,312777.3,112180.2,Online,Small Business,January,1,Q1,2025,26.4,,472175,222949230.625
KSA00928,2025-10-08,Vijayapura,North Karnataka,Laptop,3,47199,20,141597,28319.4,113277.6,77823.18,35454.42,Distributor,Medium Business,October,10,Q4,2025,31.3,,141597,40099420.818
KSA00929,2026-04-14,Chitradurga,Central Karnataka,Headphones,4,5918,10,23672,2367.2,21304.8,14487.94,6816.86,Corporate,Enterprise,April,4,Q2,2026,32.0,,23672,560363.584
KSA00930,2025-09-04,Davangere,Central Karnataka,Keyboard,13,1639,15,21307,3196.05,18110.95,13857.89,4253.06,Corporate,Enterprise,September,9,Q3,2025,23.48,,21307,680982.3735
KSA00931,2025-03-18,Dharwad,North Karnataka,Printer,4,18292,5,73168,3658.4,69509.6,57751.96,11757.64,Corporate,Individual,March,3,Q1,2025,16.92,,73168,2676778.112
KSA00932,2025-09-10,Bidar,Kalyana Karnataka,Smartwatch,6,12880,0,77280,0.0,77280.0,51664.79,25615.21,Distributor,Medium Business,September,9,Q3,2025,33.15,,77280,0.0
KSA00933,2025-01-10,Raichur,Kalyana Karnataka,Desktop PC,14,50662,5,709268,35463.4,673804.6,466052.99,207751.61,Distributor,Medium Business,January,1,Q1,2025,30.83,,709268,251530547.912
KSA00934,2025-09-29,Raichur,Kalyana Karnataka,Tablet,15,32543,5,488145,24407.25,463737.75,355855.93,107881.82,Corporate,Medium Business,September,9,Q3,2025,23.26,,488145,119142770.5125
KSA00935,2026-04-25,Mandya,South Karnataka,Smartphone,11,35678,20,392458,78491.6,313966.4,228441.36,85525.04,Corporate,Small Business,April,4,Q2,2026,27.24,,392458,308046563.528
KSA00936,2025-03-06,Bengaluru,South Karnataka,Desktop PC,10,51249,0,512490,0.0,512490.0,403635.07,108854.93,Distributor,Medium Business,March,3,Q1,2025,21.24,,512490,0.0
KSA00937,2025-02-21,Hassan,South Karnataka,Smartphone,20,25217,10,504340,50434.0,453906.0,323035.25,130870.75,Online,Enterprise,February,2,Q1,2025,28.83,,504340,254358835.6
KSA00938,2026-05-13,Shivamogga,Malnad Karnataka,Printer,10,16434,5,164340,8217.0,156123.0,102070.69,54052.31,Corporate,Medium Business,May,5,Q2,2026,34.62,,164340,13503817.8
KSA00939,2026-02-04,Ballari,Kalyana Karnataka,Smartphone,7,37469,15,262283,39342.45,222940.55,134472.61,88467.94,Corporate,Enterprise,February,2,Q1,2026,39.68,,262283,103188558.1335
KSA00940,2025-10-22,Raichur,Kalyana Karnataka,Laptop,9,56429,10,507861,50786.1,457074.9,355764.91,101309.99,Retail Store,Small Business,October,10,Q4,2025,22.16,,507861,257922795.321
KSA00941,2025-10-10,Ballari,Kalyana Karnataka,Smartwatch,1,5330,0,5330,0.0,5330.0,3880.27,1449.73,Corporate,Individual,October,10,Q4,2025,27.2,,5330,0.0
KSA00942,2025-12-08,Kalaburagi,Kalyana Karnataka,Headphones,15,5975,15,89625,13443.75,76181.25,52730.18,23451.07,Corporate,Medium Business,December,12,Q4,2025,30.78,,89625,12048960.9375
KSA00943,2025-08-10,Mandya,South Karnataka,Smartphone,5,15328,10,76640,7664.0,68976.0,58145.2,10830.8,Distributor,Individual,August,8,Q3,2025,15.7,,76640,5873689.6
KSA00944,2025-12-25,Hassan,South Karnataka,Monitor,18,24734,0,445212,0.0,445212.0,369178.37,76033.63,Online,Enterprise,December,12,Q4,2025,17.08,,445212,0.0
KSA00945,2026-02-02,Mangaluru,Coastal Karnataka,Smartphone,4,43034,5,172136,8606.8,163529.2,118983.43,44545.77,Online,Medium Business,February,2,Q1,2026,27.24,,172136,14815401.248
KSA00946,2026-04-10,Mandya,South Karnataka,Desktop PC,20,37237,15,744740,111711.0,633029.0,389568.77,243460.23,Retail Store,Individual,April,4,Q2,2026,38.46,,744740,831956501.4
KSA00947,2025-12-23,Bidar,Kalyana Karnataka,Smartphone,16,33008,0,528128,0.0,528128.0,409253.4,118874.6,Corporate,Individual,December,12,Q4,2025,22.51,,528128,0.0
KSA00948,2025-11-12,Shivamogga,Malnad Karnataka,Laptop,13,56361,5,732693,36634.65,696058.35,436399.08,259659.27,Retail Store,Medium Business,November,11,Q4,2025,37.3,,732693,268419516.1245
KSA00949,2026-04-14,Dharwad,North Karnataka,Printer,17,13437,15,228429,34264.35,194164.65,125216.25,68948.4,Distributor,Small Business,April,4,Q2,2026,35.51,,228429,78269712.0615
KSA00950,2025-04-11,Dharwad,North Karnataka,Laptop,17,71456,15,1214752,182212.8,1032539.2,676411.91,356127.29,Retail Store,Enterprise,April,4,Q2,2025,34.49,,1214752,2213433632.256
KSA00951,2026-04-09,Raichur,Kalyana Karnataka,Tablet,8,30081,15,240648,36097.2,204550.8,147745.07,56805.73,Online,Medium Business,April,4,Q2,2026,27.77,,240648,86867189.856
KSA00952,2025-05-08,Ballari,Kalyana Karnataka,Monitor,9,21623,10,194607,19460.7,175146.3,112748.11,62398.19,Corporate,Individual,May,5,Q2,2025,35.63,,194607,37871884.449
KSA00953,2025-01-15,Bengaluru,South Karnataka,Laptop,19,45293,10,860567,86056.7,774510.3,574801.99,199708.31,Distributor,Individual,January,1,Q1,2025,25.79,,860567,740575561.489
KSA00954,2026-04-18,Davangere,Central Karnataka,Smartwatch,2,10338,15,20676,3101.4,17574.6,14666.87,2907.73,Online,Individual,April,4,Q2,2026,16.55,,20676,641245.464
KSA00955,2025-07-17,Mysuru,South Karnataka,Smartwatch,7,8439,10,59073,5907.3,53165.7,37165.86,15999.84,Retail Store,Enterprise,July,7,Q3,2025,30.09,,59073,3489619.329
KSA00956,2025-10-29,Mangaluru,Coastal Karnataka,Smartwatch,6,13046,15,78276,11741.4,66534.6,40454.09,26080.51,Distributor,Individual,October,10,Q4,2025,39.2,,78276,9190698.264
KSA00957,2025-05-17,Vijayapura,North Karnataka,Headphones,17,4524,5,76908,3845.4,73062.6,61944.96,11117.64,Distributor,Medium Business,May,5,Q2,2025,15.22,,76908,2957420.232
KSA00958,2026-04-15,Udupi,Coastal Karnataka,Camera,11,78787,0,866657,0.0,866657.0,538120.42,328536.58,Retail Store,Small Business,April,4,Q2,2026,37.91,,866657,0.0
KSA00959,2026-03-29,Mandya,South Karnataka,Printer,18,14768,15,265824,39873.6,225950.4,162160.02,63790.38,Online,Small Business,March,3,Q1,2026,28.23,,265824,105993598.464
KSA00960,2025-06-20,Ballari,Kalyana Karnataka,Keyboard,17,2589,10,44013,4401.3,39611.7,32714.89,6896.81,Corporate,Individual,June,6,Q2,2025,17.41,,44013,1937144.169
KSA00961,2026-02-20,Bidar,Kalyana Karnataka,Laptop,7,73657,10,515599,51559.9,464039.1,287966.55,176072.55,Corporate,Individual,February,2,Q1,2026,37.94,,515599,265842328.801
KSA00962,2025-05-23,Chitradurga,Central Karnataka,Laptop,1,52437,0,52437,0.0,52437.0,42813.19,9623.81,Online,Enterprise,May,5,Q2,2025,18.35,,52437,0.0
KSA00963,2025-01-06,Belagavi,North Karnataka,Camera,20,74156,10,1483120,148312.0,1334808.0,1043432.42,291375.58,Retail Store,Small Business,January,1,Q1,2025,21.83,,1483120,2199644934.4
KSA00964,2025-05-08,Hassan,South Karnataka,Tablet,18,16782,10,302076,30207.6,271868.4,172210.26,99658.14,Distributor,Small Business,May,5,Q2,2025,36.66,,302076,91249909.776
KSA00965,2026-03-29,Ballari,Kalyana Karnataka,Monitor,6,27470,5,164820,8241.0,156579.0,95229.73,61349.27,Corporate,Small Business,March,3,Q1,2026,39.18,,164820,13582816.2
KSA00966,2025-10-11,Kalaburagi,Kalyana Karnataka,Tablet,4,28079,5,112316,5615.8,106700.2,65075.55,41624.65,Corporate,Enterprise,October,10,Q4,2025,39.01,,112316,6307441.928
KSA00967,2026-04-12,Tumakuru,South Karnataka,Smartphone,20,37408,0,748160,0.0,748160.0,578180.72,169979.28,Corporate,Medium Business,April,4,Q2,2026,22.72,,748160,0.0
KSA00968,2025-10-24,Davangere,Central Karnataka,Printer,8,17889,5,143112,7155.6,135956.4,106522.46,29433.94,Online,Medium Business,October,10,Q4,2025,21.65,,143112,10240522.272
KSA00969,2025-02-24,Shivamogga,Malnad Karnataka,Desktop PC,14,66458,10,930412,93041.2,837370.8,523608.99,313761.81,Online,Individual,February,2,Q1,2025,37.47,,930412,865666489.744
KSA00970,2026-06-21,Hassan,South Karnataka,Monitor,10,23734,0,237340,0.0,237340.0,193748.87,43591.13,Distributor,Enterprise,June,6,Q2,2026,18.37,,237340,0.0
KSA00971,2025-09-03,Bengaluru,South Karnataka,Tablet,14,24158,15,338212,50731.8,287480.2,196426.04,91054.16,Corporate,Enterprise,September,9,Q3,2025,31.67,,338212,171581035.416
KSA00972,2025-05-11,Kalaburagi,Kalyana Karnataka,Monitor,4,14423,10,57692,5769.2,51922.8,34850.92,17071.88,Distributor,Small Business,May,5,Q2,2025,32.88,,57692,3328366.864
KSA00973,2025-11-26,Kalaburagi,Kalyana Karnataka,Printer,3,17235,0,51705,0.0,51705.0,39423.13,12281.87,Corporate,Enterprise,November,11,Q4,2025,23.75,,51705,0.0
KSA00974,2026-06-13,Raichur,Kalyana Karnataka,Smartwatch,4,10349,15,41396,6209.4,35186.6,28811.19,6375.41,Distributor,Medium Business,June,6,Q2,2026,18.12,,41396,2570443.224
KSA00975,2026-05-21,Davangere,Central Karnataka,Laptop,5,73062,5,365310,18265.5,347044.5,255695.28,91349.22,Retail Store,Medium Business,May,5,Q2,2026,26.32,,365310,66725698.05
KSA00976,2025-09-06,Udupi,Coastal Karnataka,Printer,14,16338,10,228732,22873.2,205858.8,136665.55,69193.25,Online,Enterprise,September,9,Q3,2025,33.61,,228732,52318327.824
KSA00977,2025-05-25,Dharwad,North Karnataka,Printer,10,9698,5,96980,4849.0,92131.0,63748.25,28382.75,Corporate,Small Business,May,5,Q2,2025,30.81,,96980,4702560.2
KSA00978,2025-02-04,Tumakuru,South Karnataka,Tablet,8,16116,0,128928,0.0,128928.0,89760.02,39167.98,Distributor,Enterprise,February,2,Q1,2025,30.38,,128928,0.0
KSA00979,2026-06-20,Hubballi,North Karnataka,Printer,15,12526,10,187890,18789.0,169101.0,113855.45,55245.55,Online,Individual,June,6,Q2,2026,32.67,,187890,35302652.1
KSA00980,2025-09-22,Belagavi,North Karnataka,Monitor,20,29872,5,597440,29872.0,567568.0,440838.95,126729.05,Distributor,Enterprise,September,9,Q3,2025,22.33,,597440,178467276.8
KSA00981,2025-02-25,Hubballi,North Karnataka,Keyboard,2,814,10,1628,162.8,1465.2,907.2,558.0,Corporate,Medium Business,February,2,Q1,2025,38.08,,1628,2650.384
KSA00982,2025-10-02,Vijayapura,North Karnataka,Keyboard,1,2913,10,2913,291.3,2621.7,1831.79,789.91,Distributor,Individual,October,10,Q4,2025,30.13,,2913,8485.569
KSA00983,2025-08-04,Belagavi,North Karnataka,Keyboard,6,1437,0,8622,0.0,8622.0,6696.02,1925.98,Distributor,Individual,August,8,Q3,2025,22.34,,8622,0.0
KSA00984,2026-05-23,Hassan,South Karnataka,Smartphone,10,22432,0,224320,0.0,224320.0,169880.74,54439.26,Online,Individual,May,5,Q2,2026,24.27,,224320,0.0
KSA00985,2025-03-10,Kolar,South Karnataka,Smartwatch,2,4567,15,9134,1370.1,7763.9,5124.84,2639.06,Distributor,Small Business,March,3,Q1,2025,33.99,,9134,125144.934
KSA00986,2026-03-26,Belagavi,North Karnataka,Monitor,6,18365,10,110190,11019.0,99171.0,82163.81,17007.19,Distributor,Medium Business,March,3,Q1,2026,17.15,,110190,12141836.1
KSA00987,2026-03-10,Vijayapura,North Karnataka,Smartphone,1,40002,5,40002,2000.1,38001.9,27051.23,10950.67,Retail Store,Small Business,March,3,Q1,2026,28.82,,40002,800080.002
KSA00988,2025-01-24,Kodagu,Malnad Karnataka,Printer,4,8205,15,32820,4923.0,27897.0,17970.69,9926.31,Online,Individual,January,1,Q1,2025,35.58,,32820,1615728.6
KSA00989,2025-09-10,Kodagu,Malnad Karnataka,Desktop PC,7,40019,10,280133,28013.3,252119.7,155013.94,97105.76,Online,Enterprise,September,9,Q3,2025,38.52,,280133,78474497.689
KSA00990,2025-08-22,Bengaluru,South Karnataka,Printer,10,19847,5,198470,9923.5,188546.5,125306.4,63240.1,Retail Store,Small Business,August,8,Q3,2025,33.54,,198470,19695170.45
KSA00991,2026-04-11,Raichur,Kalyana Karnataka,Monitor,17,12551,5,213367,10668.35,202698.65,150772.11,51926.54,Distributor,Enterprise,April,4,Q2,2026,25.62,,213367,22762738.3445
KSA00992,2025-10-29,Udupi,Coastal Karnataka,Printer,19,17718,15,336642,50496.3,286145.7,209871.1,76274.6,Online,Enterprise,October,10,Q4,2025,26.66,,336642,169991754.246
KSA00993,2026-05-01,Hassan,South Karnataka,Headphones,6,1705,10,10230,1023.0,9207.0,6097.34,3109.66,Corporate,Enterprise,May,5,Q2,2026,33.77,,10230,104652.9
KSA00994,2025-11-12,Shivamogga,Malnad Karnataka,Smartphone,18,35116,15,632088,94813.2,537274.8,396988.23,140286.57,Online,Enterprise,November,11,Q4,2025,26.11,,632088,599302859.616
KSA00995,2025-05-17,Bengaluru,South Karnataka,Printer,14,11111,10,155554,15555.4,139998.6,91270.42,48728.18,Corporate,Small Business,May,5,Q2,2025,34.81,,155554,24197046.916
KSA00996,2026-04-02,Tumakuru,South Karnataka,Headphones,8,5840,5,46720,2336.0,44384.0,27748.87,16635.13,Retail Store,Small Business,April,4,Q2,2026,37.48,,46720,1091379.2
KSA00997,2025-12-13,Bengaluru,South Karnataka,Keyboard,16,1223,10,19568,1956.8,17611.2,12236.65,5374.55,Distributor,Enterprise,December,12,Q4,2025,30.52,,19568,382906.624
KSA00998,2025-06-12,Shivamogga,Malnad Karnataka,Monitor,15,17380,0,260700,0.0,260700.0,220880.81,39819.19,Distributor,Small Business,June,6,Q2,2025,15.27,,260700,0.0
KSA00999,2025-02-27,Udupi,Coastal Karnataka,Headphones,7,3987,0,27909,0.0,27909.0,18537.71,9371.29,Distributor,Enterprise,February,2,Q1,2025,33.58,,27909,0.0
KSA01000,2026-01-17,Vijayapura,North Karnataka,Monitor,3,21807,10,65421,6542.1,58878.9,37952.2,20926.7,Retail Store,Small Business,January,1,Q1,2026,35.54,,65421,4279907.241
